ID,Type,SKU,Name,Published,"Is featured?","Visibility in catalog","Short description",Description,"Date sale price starts","Date sale price ends","Tax status","Tax class","In stock?",Stock,"Low stock amount","Backorders allowed?","Sold individually?","Weight (kg)","Length (cm)","Width (cm)","Height (cm)","Allow customer reviews?","Purchase note","Sale price","Regular price",Categories,Tags,"Shipping class",Images,"Download limit","Download expiry days",Parent,"Grouped products",Upsells,Cross-sells,"External URL","Button text",Position,"Attribute 1 name","Attribute 1 value(s)","Attribute 1 visible","Attribute 1 global","Attribute 2 name","Attribute 2 value(s)","Attribute 2 visible","Attribute 2 global","Attribute 3 name","Attribute 3 value(s)","Attribute 3 visible","Attribute 3 global","Attribute 4 name","Attribute 4 value(s)","Attribute 4 visible","Attribute 4 global","Attribute 5 name","Attribute 5 value(s)","Attribute 5 visible","Attribute 5 global","Attribute 6 name","Attribute 6 value(s)","Attribute 6 visible","Attribute 6 global","Attribute 7 name","Attribute 7 value(s)","Attribute 7 visible","Attribute 7 global"
733,simple,AQ0500,"AQUALAR pH9+ (0,5 L)",1,0,visible,,"This is mountain water which comes from 425m depth from unpolluted are in Bulgaria. The water comes with natural pressure up to the mountain.\nContains a large amount of Silicone (84mg/l) which is a very essential element for good health and Beauty.\nLow mineralized 256mg/l and a great pH of 9,4. Suitable for everyday use.\nVery light and pleasant taste.\nIt is easy to drink AQUALAR pH9+ because it absorbs in the body 5 times faster than regular water.\n\n<iframe style=""display: none;""></iframe>\n\n<iframe style=""display: none;""></iframe>",,,taxable,,0,,,0,0,,,,,1,,,0.746,"Water > Natural Mineral Water","0.5L, AQUALAR, pH9+",,https://pickaqua.com/wp-content/uploads/2023/02/aqualar-ph9-05l.webp,,,,,,,,,36,,,,,,,,,,,,,,,,,,,,,,,,,,,,
739,simple,AQ1500,"AQUALAR pH9+ (1,5L)",1,0,visible,,"This is mountain water which comes from 425m depth from unpolluted are in Bulgaria. The water comes with natural pressure up to the mountain.\nContains a large amount of Silicone (84mg/l) which is a very essential element for good health and Beauty.\nLow mineralized 256mg/l and a great pH of 9,4. Suitable for everyday use.\nVery light and pleasant taste.\nIt is easy to drink AQUALAR pH9+ because it absorbs in the body 5 times faster than regular water.\n\n<iframe style=""display: none;""></iframe>\n\n<iframe style=""display: none;""></iframe>",,,taxable,,1,,,0,0,,,,,1,,,1.20,"Water > Natural Mineral Water","1.5L, AQUALAR, pH9+",,https://pickaqua.com/wp-content/uploads/2023/02/aqualar-ph9-15l.webp,,,,,,,,,31,,,,,,,,,,,,,,,,,,,,,,,,,,,,
745,simple,AQ19000,"AQUALAR pH9+ (19L)",1,0,visible,,"The only 19 L bottles with Natural Mineral Water in Latvia that are made of PET1 material.\n19L bottles are disposable – always clean and sterile, without microcracks that can occur with reusable bottles.\nDoes not contain BPA.\nPurchase without obligation.\n\n&nbsp;\n\nThis is mountain water which comes from 425m depth from unpolluted are in Bulgaria. The water comes with natural pressure up to the mountain.\nContains a large amount of Silicone (84mg/l) which is a very essential element for good health and Beauty.\nLow mineralized 256mg/l and a great pH of 9,4. Suitable for everyday use.\nVery light and pleasant taste.\nIt is easy to drink AQUALAR pH9+ because it absorbs in the body 5 times faster than regular water.\n\n<iframe style=""display: none;""></iframe>\n\n<iframe style=""display: none;""></iframe>",,,taxable,,1,,,0,0,19.5,,,,1,,15.70247934,18.2231405,"Water > Natural Mineral Water","19L, AQUALAR, pH9+",,https://pickaqua.com/wp-content/uploads/2023/02/aqualar-ph9-19l.webp,,,,,,,,,41,,,,,,,,,,,,,,,,,,,,,,,,,,,,
751,simple,NO1500-1,"Novoterskaya Celebnaya (1,5L)",1,0,visible,,"Novoterskaya healing (from the village of Novotersky) - natural carbonated drinking mineral medicinal table water. Belongs to hydrocarbonate-sulfate calcium-sodium waters. On the southwestern slope of Mount Zmeyka, in the specially protected ecological resort region of Caucasian Mineral Waters, there is the Zmeykinskoye mineral water deposit, from where Novoterskaya Healing mineral water is extracted. Novoterskaya tselebnaya is captured from a depth of 1482 m. Novoterskaya water appeared on the domestic market quite recently - only in 1955. Novotersk mineral water is bottled by ZAO KavMinVody.\n\n<iframe style=""display: none;""></iframe>",,,taxable,,0,,,0,0,1.53,,,,1,,0.90909,1.06612,"Water > Natural Mineral Water",1.5L,,https://pickaqua.com/wp-content/uploads/2023/02/novoterskaya-celebnaya.webp,,,,,,,,,271,,,,,,,,,,,,,,,,,,,,,,,,,,,,
757,simple,GBS330,"Gorna Bania still (0,33L)",'-1,0,visible,,"Gorna Bania is an alkaline (pH9.8), low mineralized (TDS-143 mg/l) natural mineral water!\n\nThe taste is very light, very soft and with a hint of sweet.\n\nExcellent water for everyday use.\nFor people who appreciate the power of nature and a high pH of 9.8.\n\nThe Water is born in Bulgaria with its own pressure from a depth of 600 meters.\n\nThis is a very rare, exclusive water.\n\n<iframe style=""display: none;""></iframe>\n\n<iframe style=""display: none;""></iframe>\n\n<iframe style=""display: none;""></iframe>\n\n<iframe style=""display: none;""></iframe>\n\n<iframe style=""display: none;""></iframe>\n\n<iframe style=""display: none;""></iframe>\n\n<iframe style=""display: none;""></iframe>",,,taxable,,0,,,0,0,,,,,1,,1.0331,1.145,"Water > Natural Mineral Water","0.33L, Gorna Bania, Still",,https://pickaqua.com/wp-content/uploads/2023/02/gbg330-1.png,,,,,,,,,161,,,,,,,,,,,,,,,,,,,,,,,,,,,,
763,simple,GBS750,"Gorna Bania still (0,75L)",'-1,0,hidden,,"Gorna Bania is an alkaline (pH9.8), low mineralized (TDS-143 mg/l) natural mineral water!\n\nThe taste is very light, very soft and with a hint of sweet.\n\nExcellent water for everyday use.\nFor people who appreciate the power of nature and a high pH of 9.8.\n\nThe Water is born in Bulgaria with its own pressure from a depth of 600 meters.\n\nThis is a very rare, exclusive water.\n\n<iframe style=""display: none;""></iframe>\n\n<iframe style=""display: none;""></iframe>\n\n<iframe style=""display: none;""></iframe>",,,taxable,,0,,,0,0,,,,,1,,1.4463,1.615,"Water > Natural Mineral Water","(0.75L), Gorna Bania, Still",,https://pickaqua.com/wp-content/uploads/2023/02/615da9a8e44c3869456491.png,,,,,,,,,166,,,,,,,,,,,,,,,,,,,,,,,,,,,,
769,simple,AY1500,"AIRY pH10 (1,5L)",1,0,visible,,"AIRY pH10 is the most alkaline natural mineral water with low salinity (TDS-124mg/l) in the world!\n\nContains the health mineral silicon 28 mg/l.\n\nThe taste is very light and has a sweetish tinge.\n\nExcellent water for every day for people who appreciate the power of nature.\n\nWater emerges from the ground in an unpolluted area in Bulgaria from a depth of 700 meters.\n\nThis is a very rare, exclusive water, which is very rare in nature.\n\n<iframe style=""display: none;""></iframe>",,,taxable,,1,,,0,0,,,,,1,,,1.36,"Water > Natural Mineral Water","1.5L, AIRY pH10, pH10",,https://pickaqua.com/wp-content/uploads/2023/02/692ff1d50296c250948937.jpg,,,,,,,,,42,Minerals,134,1,0,"Info Performance",66,1,0,pH,9.97,1,0,Still,false,1,0,"Super Soft",1,1,0,El.cond.,180,1,0,"Jean (Virtual Water Sommelier)","Great natural mineral water\, it can be charactersied .......",1,0
1775,"simple, virtual",,Deposit,1,0,hidden,,"Deposit fee\n\n&nbsp;\n\n&nbsp;",,,none,,1,,,0,0,,,,,1,,,0.1,Deposit,,,https://pickaqua.com/wp-content/uploads/2023/03/72879226_1392783064487847_6387248634458934265_n-1.jpg,,,,,,,,,52,,,,,,,,,,,,,,,,,,,,,,,,,,,,
2044,simple,,"Radenska (1,5L)",1,0,visible,,"Radenska Natural Mineral Water, Carbonated<b> (with natural gas from the spring)</b> Slovenia, PET 1,5L\n\nExcellent rich water with balanced mineral content. Pleasant velvety taste, provided by natural gas from the water source. Natural gas (CO2) is a strong competitive factor that only very rare waters possess.\n\nRich in minerals. Total mineralisation 3064 mg/l. Rich in Calcium and Magnesium, ideal Ca + Mg ratio 2:1. Rich in hydrogen carbonate (HCO3), which is beneficial for the digestive system. Rich in Silicon (Si), a beauty mineral.\n\nRadenska is the perfect water for active lifestyles, athletes, pregnant women, after sweating and all those who love the true power of nature. It is an excellent water for replenishing the body with minerals and regaining strength after a long night.\n\nRadenska can be counted among the ""Must Drink"" waters.\n\n1L of Radenska replenishes the body's essential minerals, on average 20% of the daily intake of Na, Ca, and Mg.\n\nOne of the most popular natural mineral waters in the Balkans. Radenska has proven itself since 1869 with its excellent taste and balanced mineral composition. The natural origin of the mineral water is estimated to be 12 000 years old.\n\nFind out more about the properties of water in the PickAqua water choice app.\n\n<iframe style=""display: none;""></iframe>\n\n<iframe style=""display: none;""></iframe>\n\n<iframe style=""display: none;""></iframe>\n\n<iframe style=""display: none;""></iframe>\n\n<iframe style=""display: none;""></iframe>\n\n<iframe style=""display: none;""></iframe>\n\n<iframe style=""display: none;""></iframe>\n\n<iframe style=""display: none;""></iframe>\n\n<iframe style=""display: none;""></iframe>\n\n<iframe style=""display: none;""></iframe>",,,taxable,,1,,,0,0,,,,,1,,,1.36,"Water > Natural Mineral Water","1.5L, Natural Mineral Water, PET, Radenska, Slovenia",,https://pickaqua.com/wp-content/uploads/2023/03/radenska.webp,,,,,,,,,51,,,,,,,,,,,,,,,,,,,,,,,,,,,,
4616,simple,,"Narzan natural mineral water 0.5L glass GOLD",1,0,visible,,"&nbsp;\n\n<iframe style=""display: none;""></iframe>\n\n<iframe style=""display: none;""></iframe>\n\n<iframe style=""display: none;""></iframe>\n\n<iframe style=""display: none;""></iframe>\n\n<iframe style=""display: none;""></iframe>\n\n<iframe style=""display: none;""></iframe>\n\n<iframe style=""display: none;""></iframe>\n\n<iframe style=""display: none;""></iframe>",,,taxable,,0,,,0,0,,,,,0,,,0.923,"Water > Natural Mineral Water",,,https://pickaqua.com/wp-content/uploads/2023/06/narzan-natural-mineral-water-05-gold.webp,,,,,,,,,247,,,,,,,,,,,,,,,,,,,,,,,,,,,,
4623,simple,,"Narzan natural mineral water 0.5L glass SILVER",1,0,visible,,"&nbsp;\n\n<iframe style=""display: none;""></iframe>\n\n<iframe style=""display: none;""></iframe>\n\n<iframe style=""display: none;""></iframe>\n\n<iframe style=""display: none;""></iframe>",,,taxable,,0,,,0,0,,,,,0,,,0.923,"Water > Natural Mineral Water",,,https://pickaqua.com/wp-content/uploads/2023/06/narzan-natural-mineral-water.webp,,,,,,,,,252,,,,,,,,,,,,,,,,,,,,,,,,,,,,
4629,simple,,"Narzan natural mineral water 1L PET GOLD",1,0,visible,,"&nbsp;\n\n<iframe style=""display: none;""></iframe>\n\n<iframe style=""display: none;""></iframe>\n\n<iframe style=""display: none;""></iframe>\n\n<iframe style=""display: none;""></iframe>\n\n<iframe style=""display: none;""></iframe>",,,taxable,,0,,,0,0,,,,,0,,,0.962,"Water > Natural Mineral Water",,,https://pickaqua.com/wp-content/uploads/2023/06/123.jpg,,,,,,,,,262,,,,,,,,,,,,,,,,,,,,,,,,,,,,
4635,simple,,"Narzan natural mineral water 1L PET SILVER",1,0,visible,,"&nbsp;\n\n<iframe style=""display: none;""></iframe>\n\n<iframe style=""display: none;""></iframe>\n\n<iframe style=""display: none;""></iframe>",,,taxable,,0,,,0,0,,,,,0,,,0.962,"Water > Natural Mineral Water",,,https://pickaqua.com/wp-content/uploads/2023/06/narzan-natural-mineral-water-silver.webp,,,,,,,,,259,,,,,,,,,,,,,,,,,,,,,,,,,,,,
5004,simple,,"Gemstone Vial Force of Nature",1,0,visible,"<strong>Malachite – Magnesite – Clear Quartz</strong>\n\nThese hand-picked stones have been used traditionally as powerful catalysts for transformation. Let them ignite the natural force inside of you and steer you with determination through any storm in life.","From time to time, we all struggle with the constant changes life confronts us with. At the same time we are gifted with a natural force inside of us that lets us deal with these challenges. Ignite that force with this mighty blend of Malachite, Magnesite and Clear Quartz.\n\nMalachite is the Stone of Transformation. It represents the beauty of flowers, trees, roots and plants. Their strength during constant transformation. Malachite helps to spark the life force inside of us. As Malachite cannot be used to prepare crystal elixirs by putting it directly into water, the VitaJuwel method is the only safe way to enjoy Crystal Water infused with powerful Malachite energy.\n\nMagnesite is revered as a powerful transformer by turning weaknesses into strengths. Magnesite is traditionally used to alleviate negative emotions such as fear, anger and grief while promoting positive qualities such as tenacity and endurance.\n\nClear Quartz is the Stone of Clarity. Its ability to focus, amplify, store and transform energy is unmatched. Clear Quartz is excellent for amplifying the energies of other stones. This is why nearly all of our crystal water blends contain Clear Quartz.\n\n&nbsp;\n\n&nbsp;\n<div class=""additional-attributes-wrapper table-wrapper"">\n<table id=""product-attribute-specs-table"" class=""data table additional-attributes"">\n<tbody>\n<tr>\n<th class=""col label"" scope=""row"">EAN</th>\n<td class=""col data"" data-th=""EAN"">4260228310299</td>\n</tr>\n<tr>\n<th class=""col label"" scope=""row"">Comes With</th>\n<td class=""col data"" data-th=""Comes With"">gemstone vial</td>\n</tr>\n<tr>\n<th class=""col label"" scope=""row"">Dimensions &amp; Weight</th>\n<td class=""col data"" data-th=""Dimensions &amp; Weight"">length ca. 35cm., diameter ca. 5cm</td>\n</tr>\n<tr>\n<th class=""col label"" scope=""row"">Material</th>\n<td class=""col data"" data-th=""Material"">borosilicate glass, gemstones</td>\n</tr>\n<tr>\n<th class=""col label"" scope=""row"">Care</th>\n<td class=""col data"" data-th=""Care"">handwash</td>\n</tr>\n</tbody>\n</table>\n</div>\n&nbsp;\n\n<iframe style=""display: none;""></iframe>\n\n<iframe style=""display: none;""></iframe>\n\n<iframe style=""display: none;""></iframe>\n\n<iframe style=""display: none;""></iframe>\n\n<iframe style=""display: none;""></iframe>\n\n<iframe style=""display: none;""></iframe>",,,taxable,,1,,,0,0,,,,,0,,,81.82,"Gadgets, Gadgets > Vials",,,"https://pickaqua.com/wp-content/uploads/2023/07/vial_force-of-nature_1000px.jpg, https://pickaqua.com/wp-content/uploads/2023/07/vial_force-of-nature_closeup_1000px.jpg, https://pickaqua.com/wp-content/uploads/2023/07/full_body_force-of-nature_1000px.jpg, https://pickaqua.com/wp-content/uploads/2023/07/era_forceofnature_1000px.jpg",,,,,,,,,107,,,,,,,,,,,,,,,,,,,,,,,,,,,,
5025,simple,,"Gemstone Vial Aqualibrium",1,0,visible,"<strong>Peridot – Lapislazuli – Bergkristall </strong>\n\n<strong> </strong>LOVE WHAT YOU DRINK. Genieße frisches und lebendiges Edelsteinwasser wie frisch von der Quelle. Der nach alter Tradition handgefertigte Edelsteinstab belebt dein Trinkwasser und verleiht ihm einen unvergleichlich sanften Geschmack. Erfreue dich täglich am Glanz der handverlesenen Edelsteine und erschaffe dir damit deine eigene, kleine Wohlfühloase.\n\nAQUALIBRIUM. Bringe Körper und Geist in Balance mit dem unvergleichlichen Wasser der aqualibrium Kollektion – powered by Metabolic Balance, unserem Partner für eine dauerhaft gesunde Ernährung. Begleite dein individuelles Ernährungsprogramm mit dem frischen und lebendigen Wasser dieser Edelsteinmischung. Die fein aufeinander abgestimmten Steine fördern laut Steinheilkunde eine positive Lebenseinstellung und das Vertrauen in die eigenen Kräfte.","AQUALIBRIUM. Die fröhlich frische Kombination aus Peridot und Lapislazuli ist laut Steinheilkunde ein wahrer Booster für persönliche Neustarts und Projekte. Ob berufliche Veränderung oder persönliche Weiterentwicklung, aqualibrium wird dir dabei helfen, den ersten Schritt zu tun und deine Kräfte zu mobilisieren. Verwirkliche deine Ziele und lass dich dabei von einer positiven Lebenseinstellung und heiterer Gelassenheit tragen.\n\nQUALITÄT. Die VitaJuwel Edelsteinstäbe werden aus hochwertigem, schadstofffreiem Glas von Meisterhand in einem patentierten Herstellungsverfahren handgefertigt. Gefüllt werden die Glasphiolen ausschließlich mit fair gehandelten, handverlesenen und sorgfältig gereinigten Edelsteinen.\n\nGEBRAUCH. Befestige den Edelsteinstab einfach in der optional erhältlichen, mit Trinkwasser gefüllten Karaffe era oder dem Wasserspender grande und schon nach etwa 10 Minuten kannst du dein Edelsteinwasser genießen. Erlebe dabei den vorzüglichen Geschmack von Edelsteinwasser und eine Wasserqualität, die vergleichbar ist mit frischem, lebendigem Quellwasser.\n\nREINIGUNG. Für die Reinigung der Phiole verwendest du bitte lauwarmes Wasser und gegebenenfalls etwas Essigessenz oder Zitronensäure zur Entfernung von Kalkrückständen. Bitte beachte, dass die Glasphiole nicht spülmaschinenfest ist und hohe Temperaturunterschiede zu Spannungsrissen führen können.\n\nHYGIENE. Mit den Edelsteinstäben von VitaJuwel musst du die Steine nicht mehr direkt ins Trinkwasser legen. Somit kannst du sicher sein, dass keine Verunreinigungen oder Gesteinssplitter in dein Trinkwasser gelangen. Außerdem entfällt die aufwendige Reinigung der Edelsteine, bei der die Steine allmählich ihren Glanz verlieren und von Zeit zu Zeit ausgetauscht werden müssen. Mit den Glasphiolen von VitaJuwel kannst du dich dein Leben lang am Glanz der wertvollen Edelsteine erfreuen und dein Edelsteinwasser auf hygienische und nachhaltige Weise herstellen.\n\n&nbsp;\n\n&nbsp;\n<div class=""additional-attributes-wrapper table-wrapper"">\n<table id=""product-attribute-specs-table"" class=""data table additional-attributes"">\n<tbody>\n<tr>\n<th class=""col label"" scope=""row"">EAN</th>\n<td class=""col data"" data-th=""EAN"">4260228313436</td>\n</tr>\n<tr>\n<th class=""col label"" scope=""row"">Comes With</th>\n<td class=""col data"" data-th=""Comes With"">Edelsteinstab</td>\n</tr>\n<tr>\n<th class=""col label"" scope=""row"">Dimensions &amp; Weight</th>\n<td class=""col data"" data-th=""Dimensions &amp; Weight"">Höhe 350 mm | Durchmesser 50 mm</td>\n</tr>\n<tr>\n<th class=""col label"" scope=""row"">Material</th>\n<td class=""col data"" data-th=""Material"">Glas | Edelsteine</td>\n</tr>\n<tr>\n<th class=""col label"" scope=""row"">Care</th>\n<td class=""col data"" data-th=""Care"">Bitte per Hand mit lauwarmem Wasser reinigen.</td>\n</tr>\n</tbody>\n</table>\n</div>\n<iframe style=""display: none;""></iframe>\n\n<iframe style=""display: none;""></iframe>\n\n<iframe style=""display: none;""></iframe>\n\n<iframe style=""display: none;""></iframe>\n\n<iframe style=""display: none;""></iframe>\n\n<iframe style=""display: none;""></iframe>\n\n<iframe style=""display: none;""></iframe>\n\n<iframe style=""display: none;""></iframe>\n\n<iframe style=""display: none;""></iframe>\n\n<iframe style=""display: none;""></iframe>\n\n<iframe style=""display: none;""></iframe>\n\n<iframe style=""display: none;""></iframe>\n\n<iframe style=""display: none;""></iframe>\n\n<iframe style=""display: none;""></iframe>",,,taxable,,1,,,0,0,,,,,0,,,114.88,"Gadgets, Gadgets > Vials",,,"https://pickaqua.com/wp-content/uploads/2023/07/1.jpg, https://pickaqua.com/wp-content/uploads/2023/07/2.jpg, https://pickaqua.com/wp-content/uploads/2023/07/3.jpg, https://pickaqua.com/wp-content/uploads/2023/07/4.jpg",,,,,,,,,77,,,,,,,,,,,,,,,,,,,,,,,,,,,,
5048,simple,,"Gemstone Vial Flower of Life",1,0,visible,"<strong>AMETHYST | AQUAMARINE | CLEAR QUARTZ</strong>\n\nThis crystal blend complements the spiritual FLOWER OF LIFE ornament that is engraved on our Era | Crystal Water Decanter FLOWER OF LIFE. Amethyst, Aquamarine and Clear Quartz act as door openers for enlightenment and a higher consciousness.\n\nVITALITY | MENTAL GROWTH | INNER BALANCE","This hand-crafted Gemstone Vial is perfect to infuse your drinking water with positive vibes. Naturopathic doctors use the vibrant energy of gems to prepare potent crystal elixirs for their therapies. We’ve reinterpreted this tradition and created holistic crystal blends for everyone to use. Designed in the German Alps. Made by master glass blowers in the Czech Republic.\n\nWe carefully chose the crystal blend to complement the deeply spiritual FLOWER OF LIFE ornament that is engraved on our Era | Crystal Water Decanter FLOWER OF LIFE. Amethyst is the stone of the crown chakra. Incredibly protective, healing and purifying, it is said to bring forth humility, sincerity and inner wisdom. Aquamarine is used to clear the mind, calm the heart and quiet the mind. The perfect meditation stone. Those two are certainly ranking amongst the top ten of the most used crystals. Together they act as powerful door openers for enlightenment and a higher consciousness.\n\n&nbsp;\n\n&nbsp;\n<div class=""additional-attributes-wrapper table-wrapper"">\n<table id=""product-attribute-specs-table"" class=""data table additional-attributes"">\n<tbody>\n<tr>\n<th class=""col label"" scope=""row"">EAN</th>\n<td class=""col data"" data-th=""EAN"">4260228313559</td>\n</tr>\n<tr>\n<th class=""col label"" scope=""row"">Comes With</th>\n<td class=""col data"" data-th=""Comes With"">gemstone vial</td>\n</tr>\n<tr>\n<th class=""col label"" scope=""row"">Dimensions &amp; Weight</th>\n<td class=""col data"" data-th=""Dimensions &amp; Weight"">length ca. 35cm., diameter ca. 5cm</td>\n</tr>\n<tr>\n<th class=""col label"" scope=""row"">Material</th>\n<td class=""col data"" data-th=""Material"">borosilicate glass, gemstones</td>\n</tr>\n<tr>\n<th class=""col label"" scope=""row"">Care</th>\n<td class=""col data"" data-th=""Care"">handwash</td>\n</tr>\n</tbody>\n</table>\n</div>\n<iframe style=""display: none;""></iframe>\n\n<iframe style=""display: none;""></iframe>\n\n<iframe style=""display: none;""></iframe>\n\n<iframe style=""display: none;""></iframe>\n\n<iframe style=""display: none;""></iframe>",,,taxable,,1,,,0,0,,,,,0,,,81.82,"Gadgets, Gadgets > Vials",,,"https://pickaqua.com/wp-content/uploads/2023/07/1-1.jpg, https://pickaqua.com/wp-content/uploads/2023/07/2-1.jpg, https://pickaqua.com/wp-content/uploads/2023/07/3-1.jpg, https://pickaqua.com/wp-content/uploads/2023/07/4-1.jpg",,,,,,,,,102,,,,,,,,,,,,,,,,,,,,,,,,,,,,
5069,simple,,"Gemstone Vial Jubilee Ayurveda",1,0,visible,"<div class=""product attribute overview"">\n<div class=""value std"">\n\n<strong>milk opal - amethyst - clear quartz - lapis lazuli - garnet - carnelian - orange calcite</strong>\n\nDiscover the mysteries of Ancient Indian healing traditions with this exclusive blend. Our only wand with a unique curved surface.\n\n</div>\n</div>","The word Ayurveda means ""science of life"" and is the traditional holistic system of Indian medicine. The more than 3000-year old concept also uses gems for therapeutic purposes. Ayurveda gem therapy claims that every gem has properties that can help to balance specific doshas and heal certain physical or emotional conditions.\n\n&nbsp;\n\nOur friend Walter von Holst, one of the most important representatives of modern crystal healing research, helped us create this blend with a focus on the seven basic Ayurvedic tissues.\n\nWith this unique, colorful blend we’d like to celebrate the increasing acceptance of alternative healing approaches in the tradition of Ayurveda and the concept of modern crystal healing, for which VitaJuwel stands like no other.\n\n&nbsp;\n\nThe elaborately curved shape of this one-of-a-kind gemstone vial perfectly sets the stage for the hand-picked selection of precious gems.\n\n&nbsp;\n<div class=""additional-attributes-wrapper table-wrapper"">\n<table id=""product-attribute-specs-table"" class=""data table additional-attributes"">\n<tbody>\n<tr>\n<th class=""col label"" scope=""row"">EAN</th>\n<td class=""col data"" data-th=""EAN"">4260228310244</td>\n</tr>\n<tr>\n<th class=""col label"" scope=""row"">Crystal Virtues</th>\n<td class=""col data"" data-th=""Crystal Virtues"">Inspiration, Clarity, Focus, Intuition, Imagination, Wisdom, Communication, Self-Expression, Openness, Love, Harmony, Balance, Self-Confidence, Willpower, Inner Strength, Sensuality, Sensitivity, Warmth, Self-Acceptance, Protection, Security</td>\n</tr>\n<tr>\n<th class=""col label"" scope=""row"">Comes With</th>\n<td class=""col data"" data-th=""Comes With"">gemstone vial</td>\n</tr>\n<tr>\n<th class=""col label"" scope=""row"">Dimensions &amp; Weight</th>\n<td class=""col data"" data-th=""Dimensions &amp; Weight"">length ca. 35cm., diameter ca. 5cm</td>\n</tr>\n<tr>\n<th class=""col label"" scope=""row"">Material</th>\n<td class=""col data"" data-th=""Material"">borosilicate glass, gemstones</td>\n</tr>\n<tr>\n<th class=""col label"" scope=""row"">Care</th>\n<td class=""col data"" data-th=""Care"">handwash</td>\n</tr>\n</tbody>\n</table>\n</div>\n<iframe style=""display: none;""></iframe>\n\n<iframe style=""display: none;""></iframe>\n\n<iframe style=""display: none;""></iframe>\n\n<iframe style=""display: none;""></iframe>\n\n<iframe style=""display: none;""></iframe>",,,taxable,,1,,,0,0,,,,,0,,,123.14,"Gadgets, Gadgets > Vials",,,"https://pickaqua.com/wp-content/uploads/2023/07/1-31.jpg, https://pickaqua.com/wp-content/uploads/2023/07/1-2.jpg, https://pickaqua.com/wp-content/uploads/2023/07/2-2.jpg, https://pickaqua.com/wp-content/uploads/2023/07/3-2.jpg",,,,,,,,,132,,,,,,,,,,,,,,,,,,,,,,,,,,,,
5085,simple,,"Gemstone Vial Wellness",1,0,visible,"<div class=""product attribute overview"">\n<div class=""value std"">\n\n<strong>amethyst - rose quartz - clear quartz</strong>\n\nA hand-crafted glass wand with a selection of precious stones to vitalize your water. Our vials offer a lot more than just spiritual luxury. They are powerful instruments. Good for\n\nCALMING\n\nBALANCING\n\nRELAXING\n\n</div>\n</div>","Our Gemstone Vials are traditionally hand-crafted in a patented, artisanal method by master glassblowers in Bohemia, using lead-free glass and hand-picked gems. They come in carefully selected gemstone blend variations, based on ancient crystal healing traditions.\n\nThis well-balanced composition has been used for several hundreds of years to inspirit water by countless people all around the world. Experts claim that amethyst stimulates the mind and soothes emotions. Rose Quartz fosters tranquility and harmony. Clear Quartz is a stone for clarity and perception. As a combination, they're used for their wonderfully invigorating effect. WELLNESS is the best “everyday water”. Most customers find it to taste smooth and mild. If you're unsure, with which VitaJuwel blend to start your collection, choose this one.\n\n&nbsp;\n<div class=""additional-attributes-wrapper table-wrapper"">\n<table id=""product-attribute-specs-table"" class=""data table additional-attributes"">\n<tbody>\n<tr>\n<th class=""col label"" scope=""row"">EAN</th>\n<td class=""col data"" data-th=""EAN"">4260228310015</td>\n</tr>\n<tr>\n<th class=""col label"" scope=""row"">Crystal Virtues</th>\n<td class=""col data"" data-th=""Crystal Virtues"">Inspiration, Clarity, Focus, Intuition, Imagination, Wisdom, Love, Harmony, Balance</td>\n</tr>\n<tr>\n<th class=""col label"" scope=""row"">Comes With</th>\n<td class=""col data"" data-th=""Comes With"">gemstone vial</td>\n</tr>\n<tr>\n<th class=""col label"" scope=""row"">Dimensions &amp; Weight</th>\n<td class=""col data"" data-th=""Dimensions &amp; Weight"">length ca. 35cm., diameter ca. 5cm</td>\n</tr>\n<tr>\n<th class=""col label"" scope=""row"">Material</th>\n<td class=""col data"" data-th=""Material"">borosilicate glass, gemstones</td>\n</tr>\n<tr>\n<th class=""col label"" scope=""row"">Care</th>\n<td class=""col data"" data-th=""Care"">handwash</td>\n</tr>\n</tbody>\n</table>\n</div>\n<iframe style=""display: none;""></iframe>\n\n<iframe style=""display: none;""></iframe>\n\n<iframe style=""display: none;""></iframe>\n\n<iframe style=""display: none;""></iframe>\n\n<iframe style=""display: none;""></iframe>\n\n<iframe style=""display: none;""></iframe>\n\n<iframe style=""display: none;""></iframe>",,,taxable,,1,,,0,0,,,,,0,,,57.025,"Gadgets, Gadgets > Vials",,,"https://pickaqua.com/wp-content/uploads/2023/07/1-3.jpg, https://pickaqua.com/wp-content/uploads/2023/07/2-3.jpg, https://pickaqua.com/wp-content/uploads/2023/07/3-3.jpg, https://pickaqua.com/wp-content/uploads/2023/07/4-2.jpg, https://pickaqua.com/wp-content/uploads/2023/07/5.jpg",,,,,,,,,152,,,,,,,,,,,,,,,,,,,,,,,,,,,,
5116,simple,,"ViA HEAT FORCE OF NATURE | Insulated Crystal Infusion Bottle",1,0,visible,"<strong>Malachite – Magnesite – Clear Quartz</strong>\n\nThese hand-picked stones have been used traditionally as powerful catalysts for transformation. Let them ignite the natural force inside of you and steer you with determination through any storm in life.","From time to time, we all struggle with the constant changes life confronts us with. At the same time we are gifted with a natural force inside of us that lets us deal with these challenges. Ignite that force with this mighty blend of Malachite, Magnesite and Clear Quartz.\n\nMalachite is the Stone of Transformation. It represents the beauty of flowers, trees, roots and plants. Their strength during constant transformation. Malachite helps to spark the life force inside of us. As Malachite cannot be used to prepare crystal elixirs by putting it directly into water, the VitaJuwel method is the only safe way to enjoy Crystal Water infused with powerful Malachite energy.\n\nMagnesite is revered as a powerful transformer by turning weaknesses into strengths. Magnesite is traditionally used to alleviate negative emotions such as fear, anger and grief while promoting positive qualities such as tenacity and endurance.\n\nClear Quartz is the Stone of Clarity. Its ability to focus, amplify, store and transform energy is unmatched. Clear Quartz is excellent for amplifying the energies of other stones. This is why nearly all of our crystal water blends contain Clear Quartz.\n\n&nbsp;\n\n&nbsp;\n<div class=""additional-attributes-wrapper table-wrapper"">\n<table id=""product-attribute-specs-table"" class=""data table additional-attributes"">\n<tbody>\n<tr>\n<th class=""col label"" scope=""row"">EAN</th>\n<td class=""col data"" data-th=""EAN"">4260228314396</td>\n</tr>\n<tr>\n<th class=""col label"" scope=""row"">Comes With</th>\n<td class=""col data"" data-th=""Comes With"">glass bottle | silicone lids with FlexiLid™ technology | removable GemPod</td>\n</tr>\n<tr>\n<th class=""col label"" scope=""row"">Dimensions &amp; Weight</th>\n<td class=""col data"" data-th=""Dimensions &amp; Weight"">volume 12.2 fl.oz. | height 8.86 in | diameter 2.76 mm</td>\n</tr>\n<tr>\n<th class=""col label"" scope=""row"">Material</th>\n<td class=""col data"" data-th=""Material"">borosilicate, lead-free glass | genuine gemstones | silicone | bpa-free plastic (washers)</td>\n</tr>\n<tr>\n<th class=""col label"" scope=""row"">Care</th>\n<td class=""col data"" data-th=""Care"">glass cylinder dishwasher-proof, handwash lids and GemPod, disassemble GemPod before cleaning</td>\n</tr>\n</tbody>\n</table>\n</div>\n<iframe style=""display: none;""></iframe>\n\n<iframe style=""display: none;""></iframe>\n\n<iframe style=""display: none;""></iframe>\n\n<iframe style=""display: none;""></iframe>",,,taxable,,0,,,0,0,,,,,0,,,77.6886,"Gadgets, Gadgets > Via bottles",,,"https://pickaqua.com/wp-content/uploads/2023/07/1-4.jpg, https://pickaqua.com/wp-content/uploads/2023/07/2-4.jpg, https://pickaqua.com/wp-content/uploads/2023/07/3-4.jpg, https://pickaqua.com/wp-content/uploads/2023/07/4-3.jpg",,,,,,,,,206,,,,,,,,,,,,,,,,,,,,,,,,,,,,
5138,simple,,"ViA HEAT | Tea Strainer",1,0,visible,"This extra-large stainless steel tea strainer is made for the ViA HEAT Tea Bottle with Crystals. Brew your favorite loose leaf tea on-the-go and experience the full aroma in this oversized, food grade filter. Use the stainless steel travel box to store your fine-mesh strainer after you use it. Perfect for enjoying the full flavor of your tea while you travel.","PREMIUM QUALITY. The fine-mesh tea strainer is made from food grade, stainless steel. It comes with a highly useful stainless steel travel box to store the strainer after you use it.\n\nVERSATILE. Use it for green, black, white, matcha tea leaves as well as herbs and fruit infused water.\n\nEASY TO CLEAN. It’s diswasher safe.\n\nFOR THE FULL TEA AROMA. The XL strainer provides the perfect size for the leaves of your favorite tea to unfold their full flavor.\n\n&nbsp;\n\n&nbsp;\n\n&nbsp;\n<div class=""additional-attributes-wrapper table-wrapper"">\n<table id=""product-attribute-specs-table"" class=""data table additional-attributes"">\n<tbody>\n<tr>\n<th class=""col label"" scope=""row"">EAN</th>\n<td class=""col data"" data-th=""EAN"">4260228313467</td>\n</tr>\n<tr>\n<th class=""col label"" scope=""row"">Comes With</th>\n<td class=""col data"" data-th=""Comes With"">ViA HEAT | Tea Strainer</td>\n</tr>\n<tr>\n<th class=""col label"" scope=""row"">Dimensions &amp; Weight</th>\n<td class=""col data"" data-th=""Dimensions &amp; Weight"">Height: 2.75 in. | Diameter 1.97 in.</td>\n</tr>\n<tr>\n<th class=""col label"" scope=""row"">Material</th>\n<td class=""col data"" data-th=""Material"">food-grade stainless steel | bpa-free silicone</td>\n</tr>\n<tr>\n<th class=""col label"" scope=""row"">Care</th>\n<td class=""col data"" data-th=""Care"">dishwasher-proof</td>\n</tr>\n</tbody>\n</table>\n</div>\n<iframe style=""display: none;""></iframe>\n\n<iframe style=""display: none;""></iframe>\n\n<iframe style=""display: none;""></iframe>\n\n<iframe style=""display: none;""></iframe>",,,taxable,,1,,,0,0,,,,,0,,,8.2647,"Gadgets, Gadgets > Via bottles",,,"https://pickaqua.com/wp-content/uploads/2023/07/1-5.jpg, https://pickaqua.com/wp-content/uploads/2023/07/2-5.jpg, https://pickaqua.com/wp-content/uploads/2023/07/3-5.jpg, https://pickaqua.com/wp-content/uploads/2023/07/4-4.jpg",,,,,,,,,172,,,,,,,,,,,,,,,,,,,,,,,,,,,,
5159,simple,,"ViA HEAT WELLNESS | Insulated Crystal Infusion Bottle",1,0,visible,"<div class=""product attribute overview"">\n<div class=""value std"">\n\n<strong>amethyst | rose quartz | clear quartz</strong>\n\nTHE HEAT IS ON. This Crystal Infusion Bottle with genuine gems features lab-quality, double-walled glass for insulation. Enjoy the sparkle of your favorite gemstone blend inside the bottle while brewing your tea on-the-go with the (optional) extra-large tea strainer. Stays cool to the touch. Crystal vibes for your hot or cool drink. Engineered in the German Alps. Made in Germany.\n\n</div>\n</div>","THE PERFECT TEMPERATURE. Thermal shock resistant, double-walled glass insulates cold and hot drinks. Stays cool to the touch.\n\nNEXT LEVEL TEA-TO-GO. Enjoy your loose leaf tea with the (optional) large capacity, stainless steel tea strainer.\n\nDIVERSE. Choose one of 13 traditional gemstone blends.\n\nFLEXILID™. Open you bottle with ease while your drink is still warm.\n\nVERSATILE. Use the glass insert of your regular ViA bottle for ViA HEAT. They are fully compatible.\n\nSUSTAINABLE. Stop using paper cups from your coffee shop and let them fill your ViA HEAT instead.\n\nCRYSTAL VIBES. Our 12.2 fl.oz. insulating glass bottle with a holistic blend of genuine crystals is the perfect companion to infuse your warm or cool drink with positive energy on-the-go. Naturopathic doctors have been using the vibrant energy of precious stones to prepare potent crystal elixirs for their therapies for many years. With the help of gemologists and naturopaths we’ve reinterpreted this tradition and created a select number of unique crystal blends aimed at specific crystal attributes.\n\nWELLNESS. This well-balanced composition has already been used for several hundreds of years to inspirit water by countless people all around the world. Experts claim that amethyst stimulates the mind and soothes emotions. Rose Quartz fosters tranquility and harmony. Clear Quartz is a stone for clarity and perception. As a combination, they're used for their wonderfully invigorating effect.\n\n&nbsp;\n\n&nbsp;\n<div class=""additional-attributes-wrapper table-wrapper"">\n<table id=""product-attribute-specs-table"" class=""data table additional-attributes"">\n<tbody>\n<tr>\n<th class=""col label"" scope=""row"">EAN</th>\n<td class=""col data"" data-th=""EAN"">4260228314228</td>\n</tr>\n<tr>\n<th class=""col label"" scope=""row"">Comes With</th>\n<td class=""col data"" data-th=""Comes With"">glass bottle | silicone lids with FlexiLid™ technology | removable GemPod</td>\n</tr>\n<tr>\n<th class=""col label"" scope=""row"">Dimensions &amp; Weight</th>\n<td class=""col data"" data-th=""Dimensions &amp; Weight"">volume 12.2 fl.oz. | height 8.86 in | diameter 2.76 mm</td>\n</tr>\n<tr>\n<th class=""col label"" scope=""row"">Material</th>\n<td class=""col data"" data-th=""Material"">borosilicate, lead-free glass | genuine gemstones | silicone | bpa-free plastic (washers)</td>\n</tr>\n<tr>\n<th class=""col label"" scope=""row"">Care</th>\n<td class=""col data"" data-th=""Care"">glass cylinder dishwasher-proof, handwash lids and GemPod, disassemble GemPod before cleaning</td>\n</tr>\n</tbody>\n</table>\n</div>\n<iframe style=""display: none;""></iframe>\n\n<iframe style=""display: none;""></iframe>\n\n<iframe style=""display: none;""></iframe>",,,taxable,,1,,,0,0,,,,,0,,,52.894,"Gadgets, Gadgets > Via bottles",,,"https://pickaqua.com/wp-content/uploads/2023/07/1-6.jpg, https://pickaqua.com/wp-content/uploads/2023/07/2-6.jpg, https://pickaqua.com/wp-content/uploads/2023/07/3-6.jpg, https://pickaqua.com/wp-content/uploads/2023/07/4-5.jpg",,,,,,,,,242,,,,,,,,,,,,,,,,,,,,,,,,,,,,
5180,simple,,"ViA HEAT 5 ELEMENTS | Insulated Crystal Infusion Bottle",1,0,visible,"<strong>5 ELEMENTS | Amethyst, Rose Quartz, Chalcedony, Petrified Wood &amp; Ocean Agate</strong>\n\nTHE HEAT IS ON. This Crystal Infusion Bottle with genuine gems features lab-quality, double-walled glass for insulation. Enjoy the sparkle of your favorite gemstone blend inside the bottle while brewing your tea on-the-go with the (optional) extra-large tea strainer. Stays cool to the touch. Crystal vibes for your hot or cool drink. Engineered in the German Alps. Made in Germany.","THE PERFECT TEMPERATURE. Thermal shock resistant, double-walled glass insulates cold and hot drinks. Stays cool to the touch.\n\nNEXT LEVEL TEA-TO-GO. Enjoy your loose leaf tea with the (optional) large capacity, stainless steel tea strainer.\n\nDIVERSE. Choose one of 13 traditional gemstone blends.\n\nFLEXILID™. Open you bottle with ease while your drink is still warm.\n\nVERSATILE. Use the glass insert of your regular ViA bottle for ViA HEAT. They are fully compatible.\n\nSUSTAINABLE. Stop using paper cups from your coffee shop and let them fill your ViA HEAT instead.\n\nCRYSTAL VIBES. Our 12.2 fl.oz. insulating glass bottle with a holistic blend of genuine crystals is the perfect companion to infuse your warm or cool drink with positive energy on-the-go. Naturopathic doctors have been using the vibrant energy of precious stones to prepare potent crystal elixirs for their therapies for many years. With the help of gemologists and naturopaths we’ve reinterpreted this tradition and created a select number of unique crystal blends aimed at specific crystal attributes.\n\n5 ELEMENTS. Traditional Chinese medicine has developed over 5,000 years and sees health as a harmonious balance of five elements: Wood for growth, water for reflection, earth for grounding, metal for strength and fire for passion. Every person is a unique blend of these elements. Following this ancient philosophy, we have included one kind of gem for each element in this blend to reflect each attribute.\n\n&nbsp;\n<div class=""additional-attributes-wrapper table-wrapper"">\n<table id=""product-attribute-specs-table"" class=""data table additional-attributes"">\n<tbody>\n<tr>\n<th class=""col label"" scope=""row"">EAN</th>\n<td class=""col data"" data-th=""EAN"">4260228314235</td>\n</tr>\n<tr>\n<th class=""col label"" scope=""row"">Comes With</th>\n<td class=""col data"" data-th=""Comes With"">glass bottle | silicone lids with FlexiLid™ technology | removable GemPod</td>\n</tr>\n<tr>\n<th class=""col label"" scope=""row"">Dimensions &amp; Weight</th>\n<td class=""col data"" data-th=""Dimensions &amp; Weight"">volume 12.2 fl.oz. | height 8.86 in | diameter 2.76 mm</td>\n</tr>\n<tr>\n<th class=""col label"" scope=""row"">Material</th>\n<td class=""col data"" data-th=""Material"">borosilicate, lead-free glass | genuine gemstones | silicone | bpa-free plastic (washers)</td>\n</tr>\n<tr>\n<th class=""col label"" scope=""row"">Care</th>\n<td class=""col data"" data-th=""Care"">glass cylinder dishwasher-proof, handwash lids and gempod, disassemble gempod before cleaning</td>\n</tr>\n</tbody>\n</table>\n</div>\n<iframe style=""display: none;""></iframe>\n\n<iframe style=""display: none;""></iframe>\n\n<iframe style=""display: none;""></iframe>\n\n<iframe style=""display: none;""></iframe>",,,taxable,,1,,,0,0,,,,,1,,,65.2892561,"Gadgets, Gadgets > Via bottles",,,"https://pickaqua.com/wp-content/uploads/2023/07/1-7.jpg, https://pickaqua.com/wp-content/uploads/2023/07/2-7.jpg, https://pickaqua.com/wp-content/uploads/2023/07/3-7.jpg, https://pickaqua.com/wp-content/uploads/2023/07/4-6.jpg",,,,,,,,,177,,,,,,,,,,,,,,,,,,,,,,,,,,,,
5201,simple,,"ViA HEAT FITNESS | Insulated Crystal Infusion Bottle",1,0,visible,"<div class=""product attribute overview"">\n<div class=""value std"">\n\n<strong>Red Jasper, Magnesite &amp; Clear Quartz</strong>\n\nTHE HEAT IS ON. This Crystal Infusion Bottle with genuine gems features lab-quality, double-walled glass for insulation. Enjoy the sparkle of your favorite gemstone blend inside the bottle while brewing your tea on-the-go with the (optional) extra-large tea strainer. Stays cool to the touch. Crystal vibes for your hot or cool drink. Engineered in the German Alps. Made in Germany.\n\n</div>\n</div>","THE PERFECT TEMPERATURE. Thermal shock resistant, double-walled glass insulates cold and hot drinks. Stays cool to the touch.\n\nNEXT LEVEL TEA-TO-GO. Enjoy your loose leaf tea with the (optional) large capacity, stainless steel tea strainer.\n\nDIVERSE. Choose one of 13 traditional gemstone blends.\n\nFLEXILID™. Open you bottle with ease while your drink is still warm.\n\nVERSATILE. Use the glass insert of your regular ViA bottle for ViA HEAT. They are fully compatible.\n\nSUSTAINABLE. Stop using paper cups from your coffee shop and let them fill your ViA HEAT instead.\n\nCRYSTAL VIBES. Our 12.2 fl.oz. insulating glass bottle with a holistic blend of genuine crystals is the perfect companion to infuse your warm or cool drink with positive energy on-the-go. Naturopathic doctors have been using the vibrant energy of precious stones to prepare potent crystal elixirs for their therapies for many years. With the help of gemologists and naturopaths we’ve reinterpreted this tradition and created a select number of unique crystal blends aimed at specific crystal attributes.\n\nFITNESS. Drinking water first thing in the morning is an easy way to speed up your metabolism. Lots of people confuse thirst for hunger, so staying hydrated could help you avoid overeating. Make a start, put on your running shoes and fill your water bottle with ""Fitness"" crystal elixir. Include this special blend in your regular workout schedule and get ready for a surprise!\n\n&nbsp;\n<div class=""additional-attributes-wrapper table-wrapper"">\n<table id=""product-attribute-specs-table"" class=""data table additional-attributes"">\n<tbody>\n<tr>\n<th class=""col label"" scope=""row"">EAN</th>\n<td class=""col data"" data-th=""EAN"">4260228314242</td>\n</tr>\n<tr>\n<th class=""col label"" scope=""row"">Comes With</th>\n<td class=""col data"" data-th=""Comes With"">glass bottle | silicone lids with FlexiLid™ technology | removable GemPod</td>\n</tr>\n<tr>\n<th class=""col label"" scope=""row"">Dimensions &amp; Weight</th>\n<td class=""col data"" data-th=""Dimensions &amp; Weight"">volume 12.2 fl.oz. | height 8.86 in | diameter 2.76 mm</td>\n</tr>\n<tr>\n<th class=""col label"" scope=""row"">Material</th>\n<td class=""col data"" data-th=""Material"">borosilicate, lead-free glass | genuine gemstones | silicone | bpa-free plastic (washers)</td>\n</tr>\n<tr>\n<th class=""col label"" scope=""row"">Care</th>\n<td class=""col data"" data-th=""Care"">glass cylinder dishwasher-proof, handwash lids and GemPod, disassemble GemPod before cleaning</td>\n</tr>\n</tbody>\n</table>\n</div>\n<iframe style=""display: none;""></iframe>\n\n<iframe style=""display: none;""></iframe>\n\n<iframe style=""display: none;""></iframe>",,,taxable,,1,,,0,0,,,,,1,,,65.2915,"Gadgets, Gadgets > Via bottles",,,"https://pickaqua.com/wp-content/uploads/2023/07/1-8.jpg, https://pickaqua.com/wp-content/uploads/2023/07/2-7.jpg, https://pickaqua.com/wp-content/uploads/2023/07/3-8.jpg, https://pickaqua.com/wp-content/uploads/2023/07/4-6.jpg",,,,,,,,,197,,,,,,,,,,,,,,,,,,,,,,,,,,,,
5212,simple,,"ViA HEAT BALANCE | Insulated Crystal Infusion Bottle",1,0,visible,"<div class=""product attribute overview"">\n<div class=""value std"">\n\n<strong>Sodalite, Chalcedony &amp; Clear Quartz</strong>\n\nTHE HEAT IS ON. This Crystal Infusion Bottle with genuine gems features lab-quality, double-walled glass for insulation. Enjoy the sparkle of your favorite gemstone blend inside the bottle while brewing your tea on-the-go with the (optional) extra-large tea strainer. Stays cool to the touch. Crystal vibes for your hot or cool drink. Engineered in the German Alps. Made in Germany.\n\n</div>\n</div>","THE PERFECT TEMPERATURE. Thermal shock resistant, double-walled glass insulates cold and hot drinks. Stays cool to the touch.\n\nNEXT LEVEL TEA-TO-GO. Enjoy your loose leaf tea with the (optional) large capacity, stainless steel tea strainer.\n\nDIVERSE. Choose one of 13 traditional gemstone blends.\n\nFLEXILID™. Open you bottle with ease while your drink is still warm.\n\nVERSATILE. Use the glass insert of your regular ViA bottle for ViA HEAT. They are fully compatible.\n\nSUSTAINABLE. Stop using paper cups from your coffee shop and let them fill your ViA HEAT instead.\n\nCRYSTAL VIBES. Our 12.2 fl.oz. insulating glass bottle with a holistic blend of genuine crystals is the perfect companion to infuse your warm or cool drink with positive energy on-the-go. Naturopathic doctors have been using the vibrant energy of precious stones to prepare potent crystal elixirs for their therapies for many years. With the help of gemologists and naturopaths we’ve reinterpreted this tradition and created a select number of unique crystal blends aimed at specific crystal attributes.\n\nBALANCE. Sodalite is traditionally used by crystal healing experts to support mental balance, calmness and inner peace. It's said to support expressing your thoughts and is therefore also known as the Poet's Stone.  This attribute is wonderfully complemented by blue chalcedony, which is also called the Speaker's Stone.  Chalcedony also stands for reflection and meditation. What could be more useful in these hectic times?\n\n&nbsp;\n\n&nbsp;\n<div class=""additional-attributes-wrapper table-wrapper"">\n<table id=""product-attribute-specs-table"" class=""data table additional-attributes"">\n<tbody>\n<tr>\n<th class=""col label"" scope=""row"">EAN</th>\n<td class=""col data"" data-th=""EAN"">4260228314259</td>\n</tr>\n<tr>\n<th class=""col label"" scope=""row"">Comes With</th>\n<td class=""col data"" data-th=""Comes With"">glass bottle | silicone lids with FlexiLid™ technology | removable GemPod</td>\n</tr>\n<tr>\n<th class=""col label"" scope=""row"">Dimensions &amp; Weight</th>\n<td class=""col data"" data-th=""Dimensions &amp; Weight"">volume 12.2 fl.oz. | height 8.86 in | diameter 2.76 mm</td>\n</tr>\n<tr>\n<th class=""col label"" scope=""row"">Material</th>\n<td class=""col data"" data-th=""Material"">borosilicate, lead-free glass | genuine gemstones | silicone | bpa-free plastic (washers)</td>\n</tr>\n<tr>\n<th class=""col label"" scope=""row"">Care</th>\n<td class=""col data"" data-th=""Care"">glass cylinder dishwasher-proof, handwash lids and GemPod, disassemble GemPod before cleaning</td>\n</tr>\n</tbody>\n</table>\n</div>\n<iframe style=""display: none;""></iframe>\n\n<iframe style=""display: none;""></iframe>\n\n<iframe style=""display: none;""></iframe>",,,taxable,,1,,,0,0,,,,,1,,,65.2915,"Gadgets, Gadgets > Via bottles",,,"https://pickaqua.com/wp-content/uploads/2023/07/1-9.jpg, https://pickaqua.com/wp-content/uploads/2023/07/2-7.jpg, https://pickaqua.com/wp-content/uploads/2023/07/3-9.jpg, https://pickaqua.com/wp-content/uploads/2023/07/4-6.jpg",,,,,,,,,187,,,,,,,,,,,,,,,,,,,,,,,,,,,,
5233,simple,,"ViA FORCE OF NATURE",1,0,visible,"<strong>Malachite – Magnesite – Clear Quartz</strong>\n\nThese hand-picked stones have been used traditionally as powerful catalysts for transformation. Let them ignite the natural force inside of you and steer you with determination through any storm in life.","From time to time, we all struggle with the constant changes life confronts us with. At the same time we are gifted with a natural force inside of us that lets us deal with these challenges. Ignite that force with this mighty blend of Malachite, Magnesite and Clear Quartz.\n\nMalachite is the Stone of Transformation. It represents the beauty of flowers, trees, roots and plants. Their strength during constant transformation. Malachite helps to spark the life force inside of us. As Malachite cannot be used to prepare crystal elixirs by putting it directly into water, the VitaJuwel method is the only safe way to enjoy Crystal Water infused with powerful Malachite energy.\n\nMagnesite is revered as a powerful transformer by turning weaknesses into strengths. Magnesite is traditionally used to alleviate negative emotions such as fear, anger and grief while promoting positive qualities such as tenacity and endurance.\n\nClear Quartz is the Stone of Clarity. Its ability to focus, amplify, store and transform energy is unmatched. Clear Quartz is excellent for amplifying the energies of other stones. This is why nearly all of our crystal water blends contain Clear Quartz.\n\n&nbsp;\n\n&nbsp;\n<div class=""additional-attributes-wrapper table-wrapper"">\n<table id=""product-attribute-specs-table"" class=""data table additional-attributes"">\n<tbody>\n<tr>\n<th class=""col label"" scope=""row"">EAN</th>\n<td class=""col data"" data-th=""EAN"">4260228312781</td>\n</tr>\n<tr>\n<th class=""col label"" scope=""row"">Comes With</th>\n<td class=""col data"" data-th=""Comes With"">glass cylinder, lid, gempod</td>\n</tr>\n<tr>\n<th class=""col label"" scope=""row"">Dimensions &amp; Weight</th>\n<td class=""col data"" data-th=""Dimensions &amp; Weight"">diameter 6,7 cm., height 22,5cm, volume 500ml</td>\n</tr>\n<tr>\n<th class=""col label"" scope=""row"">Material</th>\n<td class=""col data"" data-th=""Material"">borosilicate glass, gemstones, stainless steel, bpa-free plastic, silicone</td>\n</tr>\n<tr>\n<th class=""col label"" scope=""row"">Care</th>\n<td class=""col data"" data-th=""Care"">glass cylinder dishwasher-proof, handwash lid and gempod, disassemble gempod before cleaning</td>\n</tr>\n</tbody>\n</table>\n</div>\n<iframe style=""display: none;""></iframe>",,,taxable,,0,,,0,0,,,,,1,,,73.553,"Gadgets, Gadgets > Via bottles",,,"https://pickaqua.com/wp-content/uploads/2023/07/1-10.jpg, https://pickaqua.com/wp-content/uploads/2023/07/2-8.jpg",,,,,,,,,167,,,,,,,,,,,,,,,,,,,,,,,,,,,,
5244,simple,,"ViA HEAT LOVE | Insulated Crystal Infusion Bottle",1,0,visible,"<strong>Rose Quartz, Garnet &amp; Clear Quartz</strong>\n\nTHE HEAT IS ON. This Crystal Infusion Bottle with genuine gems features lab-quality, double-walled glass for insulation. Enjoy the sparkle of your favorite gemstone blend inside the bottle while brewing your tea on-the-go with the (optional) extra-large tea strainer. Stays cool to the touch. Crystal vibes for your hot or cool drink. Engineered in the German Alps. Made in Germany.","THE PERFECT TEMPERATURE. Thermal shock resistant, double-walled glass insulates cold and hot drinks. Stays cool to the touch.\n\nNEXT LEVEL TEA-TO-GO. Enjoy your loose leaf tea with the (optional) large capacity, stainless steel tea strainer.\n\nDIVERSE. Choose one of 13 traditional gemstone blends.\n\nFLEXILID™. Open you bottle with ease while your drink is still warm.\n\nVERSATILE. Use the glass insert of your regular ViA bottle for ViA HEAT. They are fully compatible.\n\nSUSTAINABLE. Stop using paper cups from your coffee shop and let them fill your ViA HEAT instead.\n\nCRYSTAL VIBES. Our 12.2 fl.oz. insulating glass bottle with a holistic blend of genuine crystals is the perfect companion to infuse your warm or cool drink with positive energy on-the-go. Naturopathic doctors have been using the vibrant energy of precious stones to prepare potent crystal elixirs for their therapies for many years. With the help of gemologists and naturopaths we’ve reinterpreted this tradition and created a select number of unique crystal blends aimed at specific crystal attributes.\n\nLOVE. All you need is … water. And when you add rose quartz, the quintessential stone of love, tenderness and sensuality, anything is possible. Fair and lovely rose quartz is a talisman for relationships and is used in crystal healing to release emotional wounds and traumas and to bring peace and calm. Fiery Garnet adds a wonderful component of sensuality and passion to this blend. Combined, they create a unique emotional dynamic - LOVE. For those who love water, this is the perfect gift.\n\n&nbsp;\n\n&nbsp;\n<div class=""additional-attributes-wrapper table-wrapper"">\n<table id=""product-attribute-specs-table"" class=""data table additional-attributes"">\n<tbody>\n<tr>\n<th class=""col label"" scope=""row"">EAN</th>\n<td class=""col data"" data-th=""EAN"">4260228314266</td>\n</tr>\n<tr>\n<th class=""col label"" scope=""row"">Comes With</th>\n<td class=""col data"" data-th=""Comes With"">glass bottle | silicone lids with FlexiLid™ technology | removable GemPod</td>\n</tr>\n<tr>\n<th class=""col label"" scope=""row"">Dimensions &amp; Weight</th>\n<td class=""col data"" data-th=""Dimensions &amp; Weight"">volume 12.2 fl.oz. | height 8.86 in | diameter 2.76 mm</td>\n</tr>\n<tr>\n<th class=""col label"" scope=""row"">Material</th>\n<td class=""col data"" data-th=""Material"">borosilicate, lead-free glass | genuine gemstones | silicone | bpa-free plastic (washers)</td>\n</tr>\n<tr>\n<th class=""col label"" scope=""row"">Care</th>\n<td class=""col data"" data-th=""Care"">glass cylinder dishwasher-proof, handwash lids and GemPod, disassemble GemPod before cleaning</td>\n</tr>\n</tbody>\n</table>\n</div>\n<iframe style=""display: none;""></iframe>\n\n<iframe style=""display: none;""></iframe>\n\n<iframe style=""display: none;""></iframe>",,,taxable,,1,,,0,0,,,,,1,,,65.2915,"Gadgets, Gadgets > Via bottles",,,"https://pickaqua.com/wp-content/uploads/2023/07/1-11.jpg, https://pickaqua.com/wp-content/uploads/2023/07/2-7.jpg, https://pickaqua.com/wp-content/uploads/2023/07/2-9.jpg, https://pickaqua.com/wp-content/uploads/2023/07/4-6.jpg",,,,,,,,,230,,,,,,,,,,,,,,,,,,,,,,,,,,,,
5255,simple,,"ViA HEAT VITALITY | Insulated Crystal Infusion Bottle",1,0,visible,"<strong>Emerald &amp; Clear Quartz</strong>\n\nTHE HEAT IS ON. This Crystal Infusion Bottle with genuine gems features lab-quality, double-walled glass for insulation. Enjoy the sparkle of your favorite gemstone blend inside the bottle while brewing your tea on-the-go with the (optional) extra-large tea strainer. Stays cool to the touch. Crystal vibes for your hot or cool drink. Engineered in the German Alps. Made in Germany.","THE PERFECT TEMPERATURE. Thermal shock resistant, double-walled glass insulates cold and hot drinks. Stays cool to the touch.\n\nNEXT LEVEL TEA-TO-GO. Enjoy your loose leaf tea with the (optional) large capacity, stainless steel tea strainer.\n\nDIVERSE. Choose one of 13 traditional gemstone blends.\n\nFLEXILID™. Open you bottle with ease while your drink is still warm.\n\nVERSATILE. Use the glass insert of your regular ViA bottle for ViA HEAT. They are fully compatible.\n\nSUSTAINABLE. Stop using paper cups from your coffee shop and let them fill your ViA HEAT instead.\n\nCRYSTAL VIBES. Our 12.2 fl.oz. insulating glass bottle with a holistic blend of genuine crystals is the perfect companion to infuse your warm or cool drink with positive energy on-the-go. Naturopathic doctors have been using the vibrant energy of precious stones to prepare potent crystal elixirs for their therapies for many years. With the help of gemologists and naturopaths we’ve reinterpreted this tradition and created a select number of unique crystal blends aimed at specific crystal attributes.\n\nVITALITY. The 11th-century abbess Hildegard of Bingen wrote: The many green hughes of an emerald reflect the beautiful green colors of nature. Emerald is a crystal of the heart. It stands for renewal and regeneration like no other. This lush “growth crystal” has been a source of fascination in several cultures for over six thousand years and was considered a symbol of eternal life in ancient Egypt. Many believe emerald to have rejuvenating and restoring effects.\n\n&nbsp;\n<div class=""additional-attributes-wrapper table-wrapper"">\n<table id=""product-attribute-specs-table"" class=""data table additional-attributes"">\n<tbody>\n<tr>\n<th class=""col label"" scope=""row"">EAN</th>\n<td class=""col data"" data-th=""EAN"">4260228314273</td>\n</tr>\n<tr>\n<th class=""col label"" scope=""row"">Comes With</th>\n<td class=""col data"" data-th=""Comes With"">glass bottle | silicone lids with FlexiLid™ technology | removable GemPod</td>\n</tr>\n<tr>\n<th class=""col label"" scope=""row"">Dimensions &amp; Weight</th>\n<td class=""col data"" data-th=""Dimensions &amp; Weight"">volume 12.2 fl.oz. | height 8.86 in | diameter 2.76 mm</td>\n</tr>\n<tr>\n<th class=""col label"" scope=""row"">Material</th>\n<td class=""col data"" data-th=""Material"">borosilicate, lead-free glass | genuine gemstones | silicone | bpa-free plastic (washers)</td>\n</tr>\n<tr>\n<th class=""col label"" scope=""row"">Care</th>\n<td class=""col data"" data-th=""Care"">glass cylinder dishwasher-proof, handwash lids and GemPod, disassemble GemPod before cleaning</td>\n</tr>\n</tbody>\n</table>\n</div>\n<iframe style=""display: none;""></iframe>\n\n<iframe style=""display: none;""></iframe>",,,taxable,,1,,,0,0,,,,,1,,,77.6859,"Gadgets, Gadgets > Via bottles",,,"https://pickaqua.com/wp-content/uploads/2023/07/1-12.jpg, https://pickaqua.com/wp-content/uploads/2023/07/2-7.jpg, https://pickaqua.com/wp-content/uploads/2023/07/2-10.jpg, https://pickaqua.com/wp-content/uploads/2023/07/4-6.jpg",,,,,,,,,241,,,,,,,,,,,,,,,,,,,,,,,,,,,,
5266,simple,,"ViA HEAT LUNA | Insulated Crystal Infusion Bottle",1,0,visible,"<strong>moonstone | clear quartz</strong>\n\nTHE HEAT IS ON. This Crystal Infusion Bottle with genuine gems features lab-quality, double-walled glass for insulation. Enjoy the sparkle of your favorite gemstone blend inside the bottle while brewing your tea on-the-go with the (optional) extra-large tea strainer. Stays cool to the touch. Crystal vibes for your hot or cool drink. Engineered in the German Alps. Made in Germany.","THE PERFECT TEMPERATURE. Thermal shock resistant, double-walled glass insulates cold and hot drinks. Stays cool to the touch.\n\nNEXT LEVEL TEA-TO-GO. Enjoy your loose leaf tea with the (optional) large capacity, stainless steel tea strainer.\n\nDIVERSE. Choose one of 13 traditional gemstone blends.\n\nFLEXILID™. Open you bottle with ease while your drink is still warm.\n\nVERSATILE. Use the glass insert of your regular ViA bottle for ViA HEAT. They are fully compatible.\n\nSUSTAINABLE. Stop using paper cups from your coffee shop and let them fill your ViA HEAT instead.\n\nCRYSTAL VIBES. Our 12.2 fl.oz. insulating glass bottle with a holistic blend of genuine crystals is the perfect companion to infuse your warm or cool drink with positive energy on-the-go. Naturopathic doctors have been using the vibrant energy of precious stones to prepare potent crystal elixirs for their therapies for many years. With the help of gemologists and naturopaths we’ve reinterpreted this tradition and created a select number of unique crystal blends aimed at specific crystal attributes.\n\nLUNA... is strongly connected to the energy of the moon, making it first and foremost, a women's stone. In traditional healing practices it is used to help strengthen a woman's intuitive sense, open the heart and to get in balance with the natural cycles of life. Wise women know about the effects of the moon on their body. Vibrating with the light of a full moon, rainbow moonstone provides a reflective, calming energy.\n\n&nbsp;\n<div class=""additional-attributes-wrapper table-wrapper"">\n<table id=""product-attribute-specs-table"" class=""data table additional-attributes"">\n<tbody>\n<tr>\n<th class=""col label"" scope=""row"">EAN</th>\n<td class=""col data"" data-th=""EAN"">4260228314280</td>\n</tr>\n<tr>\n<th class=""col label"" scope=""row"">Comes With</th>\n<td class=""col data"" data-th=""Comes With"">glass bottle | silicone lids with FlexiLid™ technology | removable GemPod</td>\n</tr>\n<tr>\n<th class=""col label"" scope=""row"">Dimensions &amp; Weight</th>\n<td class=""col data"" data-th=""Dimensions &amp; Weight"">volume 12.2 fl.oz. | height 8.86 in | diameter 2.76 mm</td>\n</tr>\n<tr>\n<th class=""col label"" scope=""row"">Material</th>\n<td class=""col data"" data-th=""Material"">borosilicate, lead-free glass | genuine gemstones | silicone | bpa-free plastic (washers)</td>\n</tr>\n<tr>\n<th class=""col label"" scope=""row"">Care</th>\n<td class=""col data"" data-th=""Care"">glass cylinder dishwasher-proof, handwash lids and GemPod, disassemble GemPod before cleaning</td>\n</tr>\n</tbody>\n</table>\n</div>\n<iframe style=""display: none;""></iframe>\n\n<iframe style=""display: none;""></iframe>",,,taxable,,1,,,0,0,,,,,1,,,77.6859,"Gadgets, Gadgets > Via bottles",,,"https://pickaqua.com/wp-content/uploads/2023/07/1-13.jpg, https://pickaqua.com/wp-content/uploads/2023/07/2-7.jpg, https://pickaqua.com/wp-content/uploads/2023/07/2-11.jpg, https://pickaqua.com/wp-content/uploads/2023/07/4-6.jpg",,,,,,,,,236,,,,,,,,,,,,,,,,,,,,,,,,,,,,
5277,simple,,"ViA HEAT FOREVER YOUNG | Insulated Crystal Infusion Bottle",1,0,visible,"<div class=""product attribute overview"">\n<div class=""value std"">\n\n<strong>Aventurine, Aquamarine, Smoky Quartz &amp; Clear Quartz</strong>\n\nTHE HEAT IS ON. This Crystal Infusion Bottle with genuine gems features lab-quality, double-walled glass for insulation. Enjoy the sparkle of your favorite gemstone blend inside the bottle while brewing your tea on-the-go with the (optional) extra-large tea strainer. Stays cool to the touch. Crystal vibes for your hot or cool drink. Engineered in the German Alps. Made in Germany.\n\n&nbsp;\n\n</div>\n</div>","THE PERFECT TEMPERATURE. Thermal shock resistant, double-walled glass insulates cold and hot drinks. Stays cool to the touch.\n\nNEXT LEVEL TEA-TO-GO. Enjoy your loose leaf tea with the (optional) large capacity, stainless steel tea strainer.\n\nDIVERSE. Choose one of 13 traditional gemstone blends.\n\nFLEXILID™. Open you bottle with ease while your drink is still warm.\n\nVERSATILE. Use the glass insert of your regular ViA bottle for ViA HEAT. They are fully compatible.\n\nSUSTAINABLE. Stop using paper cups from your coffee shop and let them fill your ViA HEAT instead.\n\nCRYSTAL VIBES. Our 12.2 fl.oz. insulating glass bottle with a holistic blend of genuine crystals is the perfect companion to infuse your warm or cool drink with positive energy on-the-go. Naturopathic doctors have been using the vibrant energy of precious stones to prepare potent crystal elixirs for their therapies for many years. With the help of gemologists and naturopaths we’ve reinterpreted this tradition and created a select number of unique crystal blends aimed at specific crystal attributes.\n\nFOREVER YOUNG... is designed to attract clarity, purity and fluidity like a natural mountain spring water on a crisp clear day. If your personal detox practices are important to you in these hectic times, the Forever Young blend offers an additional dimension of energetic cleansing. Aventurine has been used for regenerative purposes, aquamarine for cleansing and smoky quartz for stress relief. In the natural healing arts, this combination provides an invigorating cleanse of body and mind.\n\n&nbsp;\n\n&nbsp;\n<div class=""additional-attributes-wrapper table-wrapper"">\n<table id=""product-attribute-specs-table"" class=""data table additional-attributes"">\n<tbody>\n<tr>\n<th class=""col label"" scope=""row"">EAN</th>\n<td class=""col data"" data-th=""EAN"">4260228314297</td>\n</tr>\n<tr>\n<th class=""col label"" scope=""row"">Comes With</th>\n<td class=""col data"" data-th=""Comes With"">glass bottle | silicone lids with FlexiLid™ technology | removable GemPod</td>\n</tr>\n<tr>\n<th class=""col label"" scope=""row"">Dimensions &amp; Weight</th>\n<td class=""col data"" data-th=""Dimensions &amp; Weight"">volume 12.2 fl.oz. | height 8.86 in | diameter 2.76 mm</td>\n</tr>\n<tr>\n<th class=""col label"" scope=""row"">Material</th>\n<td class=""col data"" data-th=""Material"">borosilicate, lead-free glass | genuine gemstones | silicone | bpa-free plastic (washers)</td>\n</tr>\n<tr>\n<th class=""col label"" scope=""row"">Care</th>\n<td class=""col data"" data-th=""Care"">glass cylinder dishwasher-proof, handwash lids and GemPod, disassemble GemPod before cleaning</td>\n</tr>\n</tbody>\n</table>\n</div>\n<iframe style=""display: none;""></iframe>\n\n<iframe style=""display: none;""></iframe>",,,taxable,,1,,,0,0,,,,,1,,,77.6859,"Gadgets, Gadgets > Via bottles",,,"https://pickaqua.com/wp-content/uploads/2023/07/1-14.jpg, https://pickaqua.com/wp-content/uploads/2023/07/2-7.jpg, https://pickaqua.com/wp-content/uploads/2023/07/2-12.jpg, https://pickaqua.com/wp-content/uploads/2023/07/4-6.jpg",,,,,,,,,211,,,,,,,,,,,,,,,,,,,,,,,,,,,,
5288,simple,,"ViA HEAT HAPPINESS | Insulated Crystal Infusion Bottle",1,0,visible,"<div class=""product attribute overview"">\n<div class=""value std"">\n\n<strong>Carnelian, Jade, Orange Calcite &amp; Clear Quartz</strong>\n\nTHE HEAT IS ON. This Crystal Infusion Bottle with genuine gems features lab-quality, double-walled glass for insulation. Enjoy the sparkle of your favorite gemstone blend inside the bottle while brewing your tea on-the-go with the (optional) extra-large tea strainer. Stays cool to the touch. Crystal vibes for your hot or cool drink. Engineered in the German Alps. Made in Germany.\n\n</div>\n</div>","THE PERFECT TEMPERATURE. Thermal shock resistant, double-walled glass insulates cold and hot drinks. Stays cool to the touch.\n\nNEXT LEVEL TEA-TO-GO. Enjoy your loose leaf tea with the large capacity, stainless steel tea strainer.\n\nDIVERSE. Choose one of 13 traditional gemstone blends.\n\nFLEXILID™. Open you bottle with ease while your drink is still warm.\n\nVERSATILE. Use the glass insert of your regular ViA bottle for ViA HEAT. They are fully compatible.\n\nSUSTAINABLE. Stop using paper cups from your coffee shop and let them fill your ViA HEAT instead.\n\nCRYSTAL VIBES. Our 12.2 fl.oz. insulating glass bottle with a holistic blend of genuine crystals is the perfect companion to infuse your warm or cool drink with positive energy on-the-go. Naturopathic doctors have been using the vibrant energy of precious stones to prepare potent crystal elixirs for their therapies for many years. With the help of gemologists and naturopaths we’ve reinterpreted this tradition and created a select number of unique crystal blends aimed at specific crystal attributes.\n\nHAPPINESS. Natural healing traditions tell us this combination of beaming orange calcite and brilliant carnelian (the “Stone of Life”) form a vibrant aura of openness, eloquence, and optimism. And to top it off, we've included beautiful jade. This “Dream Stone” is said to bless whatever it touches and has been famous over the last 6,000 years for attracting good luck.\n\n&nbsp;\n\n&nbsp;\n<div class=""additional-attributes-wrapper table-wrapper"">\n<table id=""product-attribute-specs-table"" class=""data table additional-attributes"">\n<tbody>\n<tr>\n<th class=""col label"" scope=""row"">EAN</th>\n<td class=""col data"" data-th=""EAN"">4260228314303</td>\n</tr>\n<tr>\n<th class=""col label"" scope=""row"">Comes With</th>\n<td class=""col data"" data-th=""Comes With"">glass bottle | silicone lids with FlexiLid™ technology | removable GemPod</td>\n</tr>\n<tr>\n<th class=""col label"" scope=""row"">Dimensions &amp; Weight</th>\n<td class=""col data"" data-th=""Dimensions &amp; Weight"">volume 12.2 fl.oz. | height 8.86 in | diameter 2.76 mm</td>\n</tr>\n<tr>\n<th class=""col label"" scope=""row"">Material</th>\n<td class=""col data"" data-th=""Material"">borosilicate, lead-free glass | genuine gemstones | silicone | bpa-free plastic (washers)</td>\n</tr>\n<tr>\n<th class=""col label"" scope=""row"">Care</th>\n<td class=""col data"" data-th=""Care"">glass cylinder dishwasher-proof, handwash lids and GemPod, disassemble GemPod before cleaning</td>\n</tr>\n</tbody>\n</table>\n</div>\n<iframe style=""display: none;""></iframe>",,,taxable,,1,,,0,0,,,,,1,,,77.6859,"Gadgets, Gadgets > Via bottles",,,"https://pickaqua.com/wp-content/uploads/2023/07/1-15.jpg, https://pickaqua.com/wp-content/uploads/2023/07/2-7.jpg, https://pickaqua.com/wp-content/uploads/2023/07/2-13.jpg, https://pickaqua.com/wp-content/uploads/2023/07/4-6.jpg",,,,,,,,,221,,,,,,,,,,,,,,,,,,,,,,,,,,,,
5300,simple,,"ViA HEAT GUARDIAN | Insulated Crystal Infusion Bottle",1,0,visible,"<strong>Black Tourmaline, Amethyst &amp; Clear Quartz</strong>\n\nTHE HEAT IS ON. This Crystal Infusion Bottle with genuine gems features lab-quality, double-walled glass for insulation. Enjoy the sparkle of your favorite gemstone blend inside the bottle while brewing your tea on-the-go with the (optional) extra-large tea strainer. Stays cool to the touch. Crystal vibes for your hot or cool drink. Engineered in the German Alps. Made in Germany.","THE PERFECT TEMPERATURE. Thermal shock resistant, double-walled glass insulates cold and hot drinks. Stays cool to the touch.\n\nNEXT LEVEL TEA-TO-GO. Enjoy your loose leaf tea with the large capacity, stainless steel tea strainer.\n\nDIVERSE. Choose one of 13 traditional gemstone blends.\n\nFLEXILID™. Open you bottle with ease while your drink is still warm.\n\nVERSATILE. Use the glass insert of your regular ViA bottle for ViA HEAT. They are fully compatible.\n\nSUSTAINABLE. Stop using paper cups from your coffee shop and let them fill your ViA HEAT instead.\n\nCRYSTAL VIBES. Our 12.2 fl.oz. insulating glass bottle with a holistic blend of genuine crystals is the perfect companion to infuse your warm or cool drink with positive energy on-the-go. Naturopathic doctors have been using the vibrant energy of precious stones to prepare potent crystal elixirs for their therapies for many years. With the help of gemologists and naturopaths we’ve reinterpreted this tradition and created a select number of unique crystal blends aimed at specific crystal attributes.\n\nGUARDIAN. New ideas, mental strength and inner growth require an open mind. This intense blend has been created to neutralize everything negative. In natural healing traditions, grounding black tourmaline stands for protection and safety. In several publications, Amethyst has been named the perfect companion for black tourmaline to create a powerful, natural shield against negativity. Clear Quartz adds a good portion of clarity.\n\n&nbsp;\n<div class=""additional-attributes-wrapper table-wrapper"">\n<table id=""product-attribute-specs-table"" class=""data table additional-attributes"">\n<tbody>\n<tr>\n<th class=""col label"" scope=""row"">EAN</th>\n<td class=""col data"" data-th=""EAN"">4260228314310</td>\n</tr>\n<tr>\n<th class=""col label"" scope=""row"">Comes With</th>\n<td class=""col data"" data-th=""Comes With"">glass bottle | silicone lids with FlexiLid™ technology | removable GemPod</td>\n</tr>\n<tr>\n<th class=""col label"" scope=""row"">Dimensions &amp; Weight</th>\n<td class=""col data"" data-th=""Dimensions &amp; Weight"">volume 12.2 fl.oz. | height 8.86 in | diameter 2.76 mm</td>\n</tr>\n<tr>\n<th class=""col label"" scope=""row"">Material</th>\n<td class=""col data"" data-th=""Material"">borosilicate, lead-free glass | genuine gemstones | silicone | bpa-free plastic (washers)</td>\n</tr>\n<tr>\n<th class=""col label"" scope=""row"">Care</th>\n<td class=""col data"" data-th=""Care"">glass cylinder dishwasher-proof, handwash lids and GemPod, disassemble GemPod before cleaning</td>\n</tr>\n</tbody>\n</table>\n</div>\n<iframe style=""display: none;""></iframe>",,,taxable,,1,,,0,0,,,,,1,,,77.68595,"Gadgets, Gadgets > Via bottles",,,"https://pickaqua.com/wp-content/uploads/2023/07/1-15.jpg, https://pickaqua.com/wp-content/uploads/2023/07/2-7.jpg, https://pickaqua.com/wp-content/uploads/2023/07/2-13.jpg, https://pickaqua.com/wp-content/uploads/2023/07/4-6.jpg",,,,,,,,,212,,,,,,,,,,,,,,,,,,,,,,,,,,,,
5313,simple,,"ViA HEAT INSPIRATION | Insulated Crystal Infusion Bottle",1,0,visible,"<div class=""product attribute overview"">\n<div class=""value std"">\n\n<strong>Lapis Lazuli &amp; Rutilated Quartz</strong>\n\nTHE HEAT IS ON. This Crystal Infusion Bottle with genuine gems features lab-quality, double-walled glass for insulation. Enjoy the sparkle of your favorite gemstone blend inside the bottle while brewing your tea on-the-go with the (optional) extra-large tea strainer. Stays cool to the touch. Crystal vibes for your hot or cool drink. Engineered in the German Alps. Made in Germany.\n\n</div>\n</div>","THE PERFECT TEMPERATURE. Thermal shock resistant, double-walled glass insulates cold and hot drinks. Stays cool to the touch.\n\nNEXT LEVEL TEA-TO-GO. Enjoy your loose leaf tea with the large capacity, stainless steel tea strainer.\n\nDIVERSE. Choose one of 13 traditional gemstone blends.\n\nFLEXILID™. Open you bottle with ease while your drink is still warm.\n\nVERSATILE. Use the glass insert of your regular ViA bottle for ViA HEAT. They are fully compatible.\n\nSUSTAINABLE. Stop using paper cups from your coffee shop and let them fill your ViA HEAT instead.\n\nCRYSTAL VIBES. Our 12.2 fl.oz. insulating glass bottle with a holistic blend of genuine crystals is the perfect companion to infuse your warm or cool drink with positive energy on-the-go. Naturopathic doctors have been using the vibrant energy of precious stones to prepare potent crystal elixirs for their therapies for many years. With the help of gemologists and naturopaths we’ve reinterpreted this tradition and created a select number of unique crystal blends aimed at specific crystal attributes.\n\nINSPIRATION. Change the world with your creativity and break fresh ground! Get inspired by enjoying a glass of crystal water from this enchanting combination of rutilated quartz and the deep, celestial blue lapis lazuli – a symbol for spirituality in ancient Egypt about 6,000 years ago. The beautiful, golden-streaked rutile is said to energize and to improve awareness. Feed your brainpower every day with this very special blend of gem water.\n\n&nbsp;\n\n&nbsp;\n<div class=""additional-attributes-wrapper table-wrapper"">\n<table id=""product-attribute-specs-table"" class=""data table additional-attributes"">\n<tbody>\n<tr>\n<th class=""col label"" scope=""row"">EAN</th>\n<td class=""col data"" data-th=""EAN"">4260228314327</td>\n</tr>\n<tr>\n<th class=""col label"" scope=""row"">Comes With</th>\n<td class=""col data"" data-th=""Comes With"">glass bottle | silicone lids with FlexiLid™ technology | removable GemPod</td>\n</tr>\n<tr>\n<th class=""col label"" scope=""row"">Dimensions &amp; Weight</th>\n<td class=""col data"" data-th=""Dimensions &amp; Weight"">volume 12.2 fl.oz. | height 8.86 in | diameter 2.76 mm</td>\n</tr>\n<tr>\n<th class=""col label"" scope=""row"">Material</th>\n<td class=""col data"" data-th=""Material"">borosilicate, lead-free glass | genuine gemstones | silicone | bpa-free plastic (washers)</td>\n</tr>\n<tr>\n<th class=""col label"" scope=""row"">Care</th>\n<td class=""col data"" data-th=""Care"">glass cylinder dishwasher-proof, handwash lids and GemPod, disassemble GemPod before cleaning</td>\n</tr>\n</tbody>\n</table>\n</div>\n<iframe style=""display: none;""></iframe>\n\n<iframe style=""display: none;""></iframe>\n\n<iframe style=""display: none;""></iframe>",,,taxable,,1,,,0,0,,,,,1,,,114.875020068128512,"Gadgets, Gadgets > Via bottles",,,"https://pickaqua.com/wp-content/uploads/2023/07/1-17.jpg, https://pickaqua.com/wp-content/uploads/2023/07/2-7.jpg, https://pickaqua.com/wp-content/uploads/2023/07/2-15.jpg, https://pickaqua.com/wp-content/uploads/2023/07/4-6.jpg",,,,,,,,,226,,,,,,,,,,,,,,,,,,,,,,,,,,,,
5325,simple,,"ViA HEAT DIAMONDS | Insulated Crystal Infusion Bottle",1,0,visible,"<strong>diamond slivers (4ct.) | clear quartz</strong>\n\nTHE HEAT IS ON. This Crystal Infusion Bottle with genuine gems features lab-quality, double-walled glass for insulation. Enjoy the sparkle of your favorite gemstone blend inside the bottle while brewing your tea on-the-go with the (optional) extra-large tea strainer. Stays cool to the touch. Crystal vibes for your hot or cool drink. Engineered in the German Alps. Made in Germany.","THE PERFECT TEMPERATURE. Thermal shock resistant, double-walled glass insulates cold and hot drinks. Stays cool to the touch.\n\nNEXT LEVEL TEA-TO-GO. Enjoy your loose leaf tea with the large capacity, stainless steel tea strainer.\n\nDIVERSE. Choose one of 13 traditional gemstone blends.\n\nFLEXILID™. Open you bottle with ease while your drink is still warm.\n\nVERSATILE. Use the glass insert of your regular ViA bottle for ViA HEAT. They are fully compatible.\n\nSUSTAINABLE. Stop using paper cups from your coffee shop and let them fill your ViA HEAT instead.\n\nCRYSTAL VIBES. Our 12.2 fl.oz. insulating glass bottle with a holistic blend of genuine crystals is the perfect companion to infuse your warm or cool drink with positive energy on-the-go. Naturopathic doctors have been using the vibrant energy of precious stones to prepare potent crystal elixirs for their therapies for many years. With the help of gemologists and naturopaths we’ve reinterpreted this tradition and created a select number of unique crystal blends aimed at specific crystal attributes.\n\nDIAMONDS... are a crystal tea lover's best friend. They were believed to channel divine energy. Our customers say that no other crystal elixir tastes as apollonian as this exclusive blend. Infuse your drink with this blend, and drink tea fit for a king (or queen). It is a perfect gift for that special someone – it is as unique as a diamond ring or a precious necklace - Jewelry for Your Tea!\n\n&nbsp;\n\n&nbsp;\n<div class=""additional-attributes-wrapper table-wrapper"">\n<table id=""product-attribute-specs-table"" class=""data table additional-attributes"">\n<tbody>\n<tr>\n<th class=""col label"" scope=""row"">EAN</th>\n<td class=""col data"" data-th=""EAN"">4260228314334</td>\n</tr>\n<tr>\n<th class=""col label"" scope=""row"">Comes With</th>\n<td class=""col data"" data-th=""Comes With"">glass bottle | silicone lids with FlexiLid™ technology | removable GemPod</td>\n</tr>\n<tr>\n<th class=""col label"" scope=""row"">Dimensions &amp; Weight</th>\n<td class=""col data"" data-th=""Dimensions &amp; Weight"">volume 12.2 fl.oz. | height 8.86 in | diameter 2.76 mm</td>\n</tr>\n<tr>\n<th class=""col label"" scope=""row"">Material</th>\n<td class=""col data"" data-th=""Material"">borosilicate, lead-free glass | genuine gemstones | silicone | bpa-free plastic (washers)</td>\n</tr>\n<tr>\n<th class=""col label"" scope=""row"">Care</th>\n<td class=""col data"" data-th=""Care"">glass cylinder dishwasher-proof, handwash lids and GemPod, disassemble GemPod before cleaning</td>\n</tr>\n</tbody>\n</table>\n</div>\n<iframe style=""display: none;""></iframe>\n\n<iframe style=""display: none;""></iframe>",,,taxable,,1,,,0,0,,,,,1,,,209.917355371900826,"Gadgets, Gadgets > Via bottles",,,"https://pickaqua.com/wp-content/uploads/2023/07/1-18.jpg, https://pickaqua.com/wp-content/uploads/2023/07/2-6.jpg, https://pickaqua.com/wp-content/uploads/2023/07/2-16.jpg, https://pickaqua.com/wp-content/uploads/2023/07/4-6.jpg",,,,,,,,,196,,,,,,,,,,,,,,,,,,,,,,,,,,,,
5337,simple,,"ViA HEAT AYURVEDA| Insulated Crystal Infusion Bottle",1,0,visible,"<strong>Milk Opal, Amethyst, Clear Quartz, Lapis Lazuli, Garnet, Carnelian &amp; Orange Calcite</strong>\n\nTHE HEAT IS ON. This Crystal Infusion Bottle with genuine gems features lab-quality, double-walled glass for insulation. Enjoy the sparkle of your favorite gemstone blend inside the bottle while brewing your tea on-the-go with the (optional) extra-large tea strainer. Stays cool to the touch. Crystal vibes for your hot or cool drink. Engineered in the German Alps. Made in Germany.","THE PERFECT TEMPERATURE. Thermal shock resistant, double-walled glass insulates cold and hot drinks. Stays cool to the touch.\n\nNEXT LEVEL TEA-TO-GO. Enjoy your loose leaf tea with the large capacity, stainless steel tea strainer.\n\nDIVERSE. Choose one of 13 traditional gemstone blends.\n\nFLEXILID™. Open you bottle with ease while your drink is still warm.\n\nVERSATILE. Use the glass insert of your regular ViA bottle for ViA HEAT. They are fully compatible.\n\nSUSTAINABLE. Stop using paper cups from your coffee shop and let them fill your ViA HEAT instead.\n\nCRYSTAL VIBES. Our 12.2 fl.oz. insulating glass bottle with a holistic blend of genuine crystals is the perfect companion to infuse your warm or cool drink with positive energy on-the-go. Naturopathic doctors have been using the vibrant energy of precious stones to prepare potent crystal elixirs for their therapies for many years. With the help of gemologists and naturopaths we’ve reinterpreted this tradition and created a select number of unique crystal blends aimed at specific crystal attributes.\n\nAYURVEDA. The word Ayurveda means ""science of life"" and is the traditional holistic system of Indian medicine. The more than 3000-year-old concept also uses gems for therapeutic purposes. Ayurveda gem therapy claims that every gem has properties that can help to balance specific doshas and heal certain physical or emotional conditions. Experts helped us creating this blend with a focus on the seven basic Ayurvedic tissues.\n\n&nbsp;\n<div class=""additional-attributes-wrapper table-wrapper"">\n<table id=""product-attribute-specs-table"" class=""data table additional-attributes"">\n<tbody>\n<tr>\n<th class=""col label"" scope=""row"">EAN</th>\n<td class=""col data"" data-th=""EAN"">4260228314341</td>\n</tr>\n<tr>\n<th class=""col label"" scope=""row"">Comes With</th>\n<td class=""col data"" data-th=""Comes With"">glass bottle | silicone lids with FlexiLid™ technology | removable GemPod</td>\n</tr>\n<tr>\n<th class=""col label"" scope=""row"">Dimensions &amp; Weight</th>\n<td class=""col data"" data-th=""Dimensions &amp; Weight"">volume 12.2 fl.oz. | height 8.86 in | diameter 2.76 mm</td>\n</tr>\n<tr>\n<th class=""col label"" scope=""row"">Material</th>\n<td class=""col data"" data-th=""Material"">borosilicate, lead-free glass | genuine gemstones | silicone | bpa-free plastic (washers)</td>\n</tr>\n<tr>\n<th class=""col label"" scope=""row"">Care</th>\n<td class=""col data"" data-th=""Care"">glass cylinder dishwasher-proof, handwash lids and GemPod, disassemble GemPod before cleaning</td>\n</tr>\n</tbody>\n</table>\n</div>\n<iframe style=""display: none;""></iframe>\n\n<iframe style=""display: none;""></iframe>",,,taxable,,1,,,0,0,,,,,1,,,114.87603305785124,"Gadgets, Gadgets > Via bottles",,,"https://pickaqua.com/wp-content/uploads/2023/07/1-19.jpg, https://pickaqua.com/wp-content/uploads/2023/07/2-7.jpg, https://pickaqua.com/wp-content/uploads/2023/07/2-17.jpg, https://pickaqua.com/wp-content/uploads/2023/07/4-6.jpg",,,,,,,,,186,,,,,,,,,,,,,,,,,,,,,,,,,,,,
5350,simple,,"Gemstone Vial Five Elements",1,0,visible,"<div class=""product attribute overview"">\n<div class=""value std"">\n\n<strong>amethyst - rose quartz - chalcedony - petrified wood - ocean chalcedony</strong>\n\nA hand-made glass vial with a composition of gemstones to energize your drinking water. Good for\n\nREFLECTION\n\nGROWTH\n\nGROUNDING\n\n</div>\n</div>","Our Gemstone Vials are traditionally hand-crafted in a patented, artisanal method by master glassblowers in Bohemia, using lead-free glass and hand-picked gems. We’ve created carefully selected gemstone blend variations, based on ancient crystal healing traditions.\n\nTraditional Chinese Medicine has developed over the last 5,000 years and understands health as a harmonious balance of five elements: Wood for growth, water for reflection, earth for grounding, metal for strength and fire for passion. These elements are the prime energetic building blocks from which all substance in the world is composed. They are metaphors for how things interact with each other. We have included one carefully selected type of gemstone for each element to reflect each attribute. Get your life in balance. Experience this ancient wisdom.\n\n\n&nbsp;\n<div class=""additional-attributes-wrapper table-wrapper"">\n<table id=""product-attribute-specs-table"" class=""data table additional-attributes"">\n<tbody>\n<tr>\n<th class=""col label"" scope=""row"">EAN</th>\n<td class=""col data"" data-th=""EAN"">4260228310053</td>\n</tr>\n<tr>\n<th class=""col label"" scope=""row"">Crystal Virtues</th>\n<td class=""col data"" data-th=""Crystal Virtues"">Inspiration, Clarity, Focus, Love, Harmony, Balance, Self-Acceptance, Protection, Security</td>\n</tr>\n<tr>\n<th class=""col label"" scope=""row"">Comes With</th>\n<td class=""col data"" data-th=""Comes With"">gemstone vial</td>\n</tr>\n<tr>\n<th class=""col label"" scope=""row"">Dimensions &amp; Weight</th>\n<td class=""col data"" data-th=""Dimensions &amp; Weight"">length ca. 35cm., diameter ca. 5cm</td>\n</tr>\n<tr>\n<th class=""col label"" scope=""row"">Material</th>\n<td class=""col data"" data-th=""Material"">borosilicate glass, gemstones</td>\n</tr>\n<tr>\n<th class=""col label"" scope=""row"">Care</th>\n<td class=""col data"" data-th=""Care"">handwash</td>\n</tr>\n</tbody>\n</table>\n</div>\n<iframe style=""display: none;""></iframe>",,,taxable,,1,,,0,0,,,,,1,,,65.289256198347107,"Gadgets, Gadgets > Vials",,,"https://pickaqua.com/wp-content/uploads/2023/07/1-20.jpg, https://pickaqua.com/wp-content/uploads/2023/07/2-18.jpg, https://pickaqua.com/wp-content/uploads/2023/07/3-10.jpg, https://pickaqua.com/wp-content/uploads/2023/07/4-7.jpg, https://pickaqua.com/wp-content/uploads/2023/07/5-1.jpg",,,,,,,,,101,,,,,,,,,,,,,,,,,,,,,,,,,,,,
5376,simple,,"Gemstone Vial Fitness",1,0,visible,"<div class=""product attribute overview"">\n<div class=""value std"">\n\n<strong>red jasper - magnesite - clear quartz</strong>\n\nArtisanal glass vial with a symphony of gemstones to enliven your drinking water. Our vials offer a lot more than just spiritual luxury. Good for\n\nWILLPOWER\n\nSTRENGTH\n\nDYNAMIC\n\n</div>\n</div>","Our original Gemstone Vials are traditionally hand-crafted in a patented, artisanal method by master glassblowers in Bohemia, using lead-free glass and hand-picked gems. Available in a number of carefully selected gemstone variations, based on ancient crystal healing traditions.\n\nAlong with exercise and a balanced diet, nothing supports an active lifestyle better than enough fresh water. Drinking water first thing in the morning is an easy way to speed up your metabolism. Lots of people confuse thirst for hunger, so staying hydrated could help you avoid overeating. Make a start, put on your running shoes and fill your glass with ""Fitness"" GemWater. Include this special blend of beaming red jasper, solid magnesite and pure rock crystal in your regular workout schedule and get ready for a surprise!\n\n&nbsp;\n<div class=""additional-attributes-wrapper table-wrapper"">\n<table id=""product-attribute-specs-table"" class=""data table additional-attributes"">\n<tbody>\n<tr>\n<th class=""col label"" scope=""row"">EAN</th>\n<td class=""col data"" data-th=""EAN"">4260228310022</td>\n</tr>\n<tr>\n<th class=""col label"" scope=""row"">Crystal Virtues</th>\n<td class=""col data"" data-th=""Crystal Virtues"">Inspiration, Clarity, Focus, Self-Acceptance, Protection, Security</td>\n</tr>\n<tr>\n<th class=""col label"" scope=""row"">Comes With</th>\n<td class=""col data"" data-th=""Comes With"">gemstone vial</td>\n</tr>\n<tr>\n<th class=""col label"" scope=""row"">Dimensions &amp; Weight</th>\n<td class=""col data"" data-th=""Dimensions &amp; Weight"">length ca. 35cm., diameter ca. 5cm</td>\n</tr>\n<tr>\n<th class=""col label"" scope=""row"">Material</th>\n<td class=""col data"" data-th=""Material"">borosilicate glass, gemstones</td>\n</tr>\n<tr>\n<th class=""col label"" scope=""row"">Care</th>\n<td class=""col data"" data-th=""Care"">handwash</td>\n</tr>\n</tbody>\n</table>\n</div>\n<iframe style=""display: none;""></iframe>\n\n<iframe style=""display: none;""></iframe>",,,taxable,,1,,,0,0,,,,,1,,,65.289256198347107,"Gadgets, Gadgets > Vials",,,"https://pickaqua.com/wp-content/uploads/2023/07/1-21.jpg, https://pickaqua.com/wp-content/uploads/2023/07/2-19.jpg, https://pickaqua.com/wp-content/uploads/2023/07/3-11.jpg, https://pickaqua.com/wp-content/uploads/2023/07/4-8.jpg, https://pickaqua.com/wp-content/uploads/2023/07/5-2.jpg",,,,,,,,,92,,,,,,,,,,,,,,,,,,,,,,,,,,,,
5402,simple,,"Gemstone Vial Balance",1,0,visible,"<div class=""product attribute overview"">\n<div class=""value std"">\n\n<strong>sodalite - chalcedony - clear quartz</strong>\n\nA hand-crafted glass vial with a blend of gems, made to create heavenly water. Based on ancient crystal healing traditions! Good for\n\nINNER PEACE\n\nREFLECTION\n\nMEDITATION65,289256198347107\n\n</div>\n</div>","Our original Gemstone Vials are traditionally hand-crafted in a patented, artisanal method by master glassblowers in Bohemia, using lead-free glass and hand-picked gems.\n\nSodalite is traditionally used by crystal healing experts to support mental balance, calmness and inner peace. It's said to support expressing your thoughts and is therefore also known as the Poet's Stone.  This attribute is wonderfully complemented by blue chalcedony, which is also called the Speaker's Stone. Wise men (including the great Roman speaker and philosopher Cicero) used it when they carefully had to measure their words. Chalcedony also stands for reflection and meditation. What could be more useful in these hectic times?\n\n&nbsp;\n<div class=""additional-attributes-wrapper table-wrapper"">\n<table id=""product-attribute-specs-table"" class=""data table additional-attributes"">\n<tbody>\n<tr>\n<th class=""col label"" scope=""row"">EAN</th>\n<td class=""col data"" data-th=""EAN"">4260228310183</td>\n</tr>\n<tr>\n<th class=""col label"" scope=""row"">Crystal Virtues</th>\n<td class=""col data"" data-th=""Crystal Virtues"">Intuition, Imagination, Wisdom, Communication, Self-Expression, Openness</td>\n</tr>\n<tr>\n<th class=""col label"" scope=""row"">Comes With</th>\n<td class=""col data"" data-th=""Comes With"">gemstone vial</td>\n</tr>\n<tr>\n<th class=""col label"" scope=""row"">Dimensions &amp; Weight</th>\n<td class=""col data"" data-th=""Dimensions &amp; Weight"">length ca. 35cm., diameter ca. 5cm</td>\n</tr>\n<tr>\n<th class=""col label"" scope=""row"">Material</th>\n<td class=""col data"" data-th=""Material"">borosilicate glass, gemstones</td>\n</tr>\n<tr>\n<th class=""col label"" scope=""row"">Care</th>\n<td class=""col data"" data-th=""Care"">handwash</td>\n</tr>\n</tbody>\n</table>\n</div>\n<iframe style=""display: none;""></iframe>\n\n<iframe style=""display: none;""></iframe>",,,taxable,,1,,,0,0,,,,,1,,,65.289256198347107,"Gadgets, Gadgets > Vials",,,"https://pickaqua.com/wp-content/uploads/2023/07/1-22.jpg, https://pickaqua.com/wp-content/uploads/2023/07/2-20.jpg, https://pickaqua.com/wp-content/uploads/2023/07/3-12.jpg, https://pickaqua.com/wp-content/uploads/2023/07/4-9.jpg, https://pickaqua.com/wp-content/uploads/2023/07/5-3.jpg",,,,,,,,,82,,,,,,,,,,,,,,,,,,,,,,,,,,,,
5430,simple,,"Gemstone Vial Love",1,0,visible,"<div class=""product attribute overview"">\n<div class=""value std"">\n\n<strong>rose quartz - garnet - clear quartz</strong>\n\nA hand-made glass vial with a selection of gemstones to energize your drinking water. Good for\n\nHARMONY\n\nSENSUALITY\n\nAFFECTION\n\n</div>\n</div>","Our Gemstone Vials are traditionally hand-crafted in a patented, artisanal method by master glassblowers in Bohemia, using lead-free glass and hand-picked gems. They come in various gemstone blends, based on ancient crystal healing traditions. As every gemstone stores its own signature vibration, they all affect the water in their own, unique way.\n\nAll you need is … water. And when you add rose quartz, the quintessential stone of love, tenderness and sensuality, anything is possible. Fair and lovely rose quartz is a talisman for relationships and is used in crystal healing to release emotional wounds and traumas and to bring peace and calm. Fiery Garnet adds a wonderful component of sensuality and passion to this blend. Combined, they create a unique emotional dynamic - LOVE. For those who love water, this is the perfect gift. In order for the heart to beat, it needs water.\n\n\n&nbsp;\n<div class=""additional-attributes-wrapper table-wrapper"">\n<table id=""product-attribute-specs-table"" class=""data table additional-attributes"">\n<tbody>\n<tr>\n<th class=""col label"" scope=""row"">EAN</th>\n<td class=""col data"" data-th=""EAN"">4260228310190</td>\n</tr>\n<tr>\n<th class=""col label"" scope=""row"">Crystal Virtues</th>\n<td class=""col data"" data-th=""Crystal Virtues"">Love, Harmony, Balance, Self-Acceptance, Protection, Security</td>\n</tr>\n<tr>\n<th class=""col label"" scope=""row"">Comes With</th>\n<td class=""col data"" data-th=""Comes With"">gemstone vial</td>\n</tr>\n<tr>\n<th class=""col label"" scope=""row"">Dimensions &amp; Weight</th>\n<td class=""col data"" data-th=""Dimensions &amp; Weight"">length ca. 35cm., diameter ca. 5cm</td>\n</tr>\n<tr>\n<th class=""col label"" scope=""row"">Material</th>\n<td class=""col data"" data-th=""Material"">borosilicate glass, gemstones</td>\n</tr>\n<tr>\n<th class=""col label"" scope=""row"">Care</th>\n<td class=""col data"" data-th=""Care"">handwash</td>\n</tr>\n</tbody>\n</table>\n</div>\n<iframe style=""display: none;""></iframe>",,,taxable,,1,,,0,0,,,,,1,,,65.289256198347107,"Gadgets, Gadgets > Vials",,,"https://pickaqua.com/wp-content/uploads/2023/07/1-23.jpg, https://pickaqua.com/wp-content/uploads/2023/07/2-21.jpg, https://pickaqua.com/wp-content/uploads/2023/07/3-13.jpg, https://pickaqua.com/wp-content/uploads/2023/07/4-10.jpg, https://pickaqua.com/wp-content/uploads/2023/07/5-4.jpg",,,,,,,,,141,,,,,,,,,,,,,,,,,,,,,,,,,,,,
5458,simple,,"Gemstone Vial Vitality",1,0,visible,"<div class=""product attribute overview"">\n<div class=""value std"">\n\n<strong>emerald - clear quartz</strong>\n\nA hand-crafted glass wand with a blend of precious stones to vitalize your drinking water. Good for\n\nREGENERATING\n\nREJUVENATING\n\nRENEWAL\n\n</div>\n</div>","Our Gemstone Vials are traditionally hand-crafted in a patented, artisanal method by master glassblowers in Bohemia, using lead-free glass and hand-picked gems. They come in 12 carefully selected gemstone blend variations, based on ancient crystal healing traditions.\n\nThe 11th-century abbess and healer Hildegard of Bingen declared in her writings: “All the green of nature is concentrated within the Emerald.” Emerald is a crystal of the heart. It stands for renewal and regeneration like no other. This lush “growth crystal” has been a source of fascination in several cultures for over six thousand years and was considered a symbol of eternal life in ancient Egypt. Many believe emerald to have rejuvenating and restoring effects. It is also said to promote self-esteem. Drink emerald-infused GemWater and become vital. Naturally!\n\n\n&nbsp;\n<div class=""additional-attributes-wrapper table-wrapper"">\n<table id=""product-attribute-specs-table"" class=""data table additional-attributes"">\n<tbody>\n<tr>\n<th class=""col label"" scope=""row"">EAN</th>\n<td class=""col data"" data-th=""EAN"">4260228310046</td>\n</tr>\n<tr>\n<th class=""col label"" scope=""row"">Crystal Virtues</th>\n<td class=""col data"" data-th=""Crystal Virtues"">Intuition, Imagination, Wisdom, Love, Harmony, Balance, Self-Confidence, Willpower, Inner Strength</td>\n</tr>\n<tr>\n<th class=""col label"" scope=""row"">Comes With</th>\n<td class=""col data"" data-th=""Comes With"">gemstone vial</td>\n</tr>\n<tr>\n<th class=""col label"" scope=""row"">Dimensions &amp; Weight</th>\n<td class=""col data"" data-th=""Dimensions &amp; Weight"">length ca. 35cm., diameter ca. 5cm</td>\n</tr>\n<tr>\n<th class=""col label"" scope=""row"">Material</th>\n<td class=""col data"" data-th=""Material"">borosilicate glass, gemstones</td>\n</tr>\n<tr>\n<th class=""col label"" scope=""row"">Care</th>\n<td class=""col data"" data-th=""Care"">handwash</td>\n</tr>\n</tbody>\n</table>\n</div>\n<iframe style=""display: none;""></iframe>",,,taxable,,1,,,0,0,,,,,1,,,81.818181818181818,"Gadgets, Gadgets > Vials",,,"https://pickaqua.com/wp-content/uploads/2023/07/1-24.jpg, https://pickaqua.com/wp-content/uploads/2023/07/2-22.jpg, https://pickaqua.com/wp-content/uploads/2023/07/3-14.jpg, https://pickaqua.com/wp-content/uploads/2023/07/4-11.jpg, https://pickaqua.com/wp-content/uploads/2023/07/5-5.jpg",,,,,,,,,151,,,,,,,,,,,,,,,,,,,,,,,,,,,,
5484,simple,,"Gemstone Vial Luna",1,0,visible,"<div class=""product attribute overview"">\n<div class=""value std"">\n\n<strong>rainbow moonstone - clear quartz</strong>\n\nOur original gemstone wand with a selection of semi-precious stones to prepare fresh and pure water like fresh from a mountain spring. Good for\n\nINTUITION\n\nEMPATHY\n\nSENSITIVITY\n\n</div>\n</div>","Our Gemstone Vials are traditionally hand-crafted in a patented, artisanal method by master glassblowers in Bohemia, using lead-free glass and hand-picked gems. Our wands come in carefully selected gemstone blend variations, based on ancient crystal healing traditions.\n\nAs the name suggests, Luna is strongly connected to the energy of the moon, making it first and foremost, a women's stone. In traditional healing practices it is used to help strengthen a woman's intuitive sense, open the heart and to get in balance with the natural cycles of life. Wise women know about the effects of the moon on their body. Vibrating with the light of a full moon, rainbow moonstone provides a reflective, calming energy. Even men are said to benefit from empowering their gentler, more feminine side.\n\n\n&nbsp;\n<div class=""additional-attributes-wrapper table-wrapper"">\n<table id=""product-attribute-specs-table"" class=""data table additional-attributes"">\n<tbody>\n<tr>\n<th class=""col label"" scope=""row"">EAN</th>\n<td class=""col data"" data-th=""EAN"">4260228310206</td>\n</tr>\n<tr>\n<th class=""col label"" scope=""row"">Crystal Virtues</th>\n<td class=""col data"" data-th=""Crystal Virtues"">Intuition, Imagination, Wisdom, Communication, Self-Expression, Openness</td>\n</tr>\n<tr>\n<th class=""col label"" scope=""row"">Comes With</th>\n<td class=""col data"" data-th=""Comes With"">gemstone vial</td>\n</tr>\n<tr>\n<th class=""col label"" scope=""row"">Dimensions &amp; Weight</th>\n<td class=""col data"" data-th=""Dimensions &amp; Weight"">length ca. 35cm., diameter ca. 5cm</td>\n</tr>\n<tr>\n<th class=""col label"" scope=""row"">Material</th>\n<td class=""col data"" data-th=""Material"">borosilicate glass, gemstones</td>\n</tr>\n<tr>\n<th class=""col label"" scope=""row"">Care</th>\n<td class=""col data"" data-th=""Care"">handwash</td>\n</tr>\n</tbody>\n</table>\n</div>\n<iframe style=""display: none;""></iframe>",,,taxable,,1,,,0,0,,,,,1,,,81.818181818181818,"Gadgets, Gadgets > Vials",,,"https://pickaqua.com/wp-content/uploads/2023/07/1-25.jpg, https://pickaqua.com/wp-content/uploads/2023/07/2-23.jpg, https://pickaqua.com/wp-content/uploads/2023/07/3-15.jpg, https://pickaqua.com/wp-content/uploads/2023/07/4-12.jpg, https://pickaqua.com/wp-content/uploads/2023/07/5-6.jpg",,,,,,,,,146,,,,,,,,,,,,,,,,,,,,,,,,,,,,
5510,simple,,"Gemstone Vial Forever Young",1,0,visible,"<div class=""product attribute overview"">\n<div class=""value std"">\n\n<strong>aquamarine - aventurine - smoky quartz - clear quartz</strong>\n\nOur signature glass vial with a selection of gemstones to vitalize your drinking water. Good for\n\nCLEANSING / DETOX\n\nSTRESS-RELIEF\n\nSERENITY\n\n</div>\n</div>","Our Gemstone Vials are traditionally hand-crafted in a patented, artisanal method by master glassblowers in Bohemia, using lead-free glass and hand-picked gems. VitaJuwel Gemstone Vials are available in several carefully selected gemstone blend variations, based on ancient crystal healing traditions and aiming at specific attributes.\n\nWater is the elixir of life! The gemstone blend is designed to attract clarity, purity and fluidity like a natural mountain spring on a crisp clear day. If your personal detox practices are important to you in these hectic times, the Forever Young blend offers an additional dimension of energetic cleansing. Aventurine has been used for regenerative and reviving purposes, aquamarine for cleansing and smoky quartz for stress relief. In the natural healing arts, this combination of aventurine, aquamarine, and smoky quartz provides an invigorating cleanse of body and mind.\n\n\n&nbsp;\n<div class=""additional-attributes-wrapper table-wrapper"">\n<table id=""product-attribute-specs-table"" class=""data table additional-attributes"">\n<tbody>\n<tr>\n<th class=""col label"" scope=""row"">EAN</th>\n<td class=""col data"" data-th=""EAN"">4260228310213</td>\n</tr>\n<tr>\n<th class=""col label"" scope=""row"">Crystal Virtues</th>\n<td class=""col data"" data-th=""Crystal Virtues"">Communication, Self-Expression, Openness, Love, Harmony, Balance, Self-Acceptance, Protection, Security</td>\n</tr>\n<tr>\n<th class=""col label"" scope=""row"">Comes With</th>\n<td class=""col data"" data-th=""Comes With"">gemstone vial</td>\n</tr>\n<tr>\n<th class=""col label"" scope=""row"">Dimensions &amp; Weight</th>\n<td class=""col data"" data-th=""Dimensions &amp; Weight"">length ca. 35cm., diameter ca. 5cm</td>\n</tr>\n<tr>\n<th class=""col label"" scope=""row"">Material</th>\n<td class=""col data"" data-th=""Material"">borosilicate glass, gemstones</td>\n</tr>\n<tr>\n<th class=""col label"" scope=""row"">Care</th>\n<td class=""col data"" data-th=""Care"">handwash</td>\n</tr>\n</tbody>\n</table>\n</div>\n<iframe style=""display: none;""></iframe>",,,taxable,,1,,,0,0,,,,,1,,,81.818181818181818,"Gadgets, Gadgets > Vials",,,"https://pickaqua.com/wp-content/uploads/2023/07/1-26.jpg, https://pickaqua.com/wp-content/uploads/2023/07/2-24.jpg, https://pickaqua.com/wp-content/uploads/2023/07/3-16.jpg, https://pickaqua.com/wp-content/uploads/2023/07/4-13.jpg, https://pickaqua.com/wp-content/uploads/2023/07/5-7.jpg",,,,,,,,,116,,,,,,,,,,,,,,,,,,,,,,,,,,,,
5536,simple,,"Gemstone Vial Happiness",1,0,visible,"<div class=""product attribute overview"">\n<div class=""value std"">\n\n<strong>jade (nephrite) - carnelian - orange calcite - clear quartz</strong>\n\nA premium glass vial with a selection of gems to stimulate your drinking water. Way more than just spiritual luxury. Good for\n\nOPTIMISM\n\nELOQUENCE\n\nGOOD LUCK\n\n</div>\n</div>","Our Gemstone Vials are traditionally hand-crafted in a patented, artisanal method by master glassblowers in Bohemia, using lead-free glass and hand-picked gems. They come in 12 carefully selected gemstone blend variations, based on ancient crystal healing traditions. Works like homeopathic remedies.\n\nDo you feel that you could use a little more joy in your life? Then choose this blend! It has been designed to inspire and attract all that is positive and good. Natural healing traditions tell us this combination of beaming orange calcite and brilliant carnelian (the “Stone of Life”) form a vibrant aura of openness, eloquence, and optimism. And to top it off, we've included beautiful jade. This “Dream Stone” is said to bless whatever it touches and has been famous over the last 6,000 years for attracting good luck.\n\n\n&nbsp;\n<div class=""additional-attributes-wrapper table-wrapper"">\n<table id=""product-attribute-specs-table"" class=""data table additional-attributes"">\n<tbody>\n<tr>\n<th class=""col label"" scope=""row"">EAN</th>\n<td class=""col data"" data-th=""EAN"">4260228310220</td>\n</tr>\n<tr>\n<th class=""col label"" scope=""row"">Crystal Virtues</th>\n<td class=""col data"" data-th=""Crystal Virtues"">Love, Harmony, Balance, Self-Confidence, Willpower, Inner Strength</td>\n</tr>\n<tr>\n<th class=""col label"" scope=""row"">Comes With</th>\n<td class=""col data"" data-th=""Comes With"">gemstone vial</td>\n</tr>\n<tr>\n<th class=""col label"" scope=""row"">Dimensions &amp; Weight</th>\n<td class=""col data"" data-th=""Dimensions &amp; Weight"">length ca. 35cm., diameter ca. 5cm</td>\n</tr>\n<tr>\n<th class=""col label"" scope=""row"">Material</th>\n<td class=""col data"" data-th=""Material"">borosilicate glass, gemstones</td>\n</tr>\n<tr>\n<th class=""col label"" scope=""row"">Care</th>\n<td class=""col data"" data-th=""Care"">handwash</td>\n</tr>\n</tbody>\n</table>\n</div>\n<iframe style=""display: none;""></iframe>",,,taxable,,1,,,0,0,,,,,1,,,81.818181818181818,"Gadgets, Gadgets > Vials",,,"https://pickaqua.com/wp-content/uploads/2023/07/1-27.jpg, https://pickaqua.com/wp-content/uploads/2023/07/2-25.jpg, https://pickaqua.com/wp-content/uploads/2023/07/3-17.jpg, https://pickaqua.com/wp-content/uploads/2023/07/4-14.jpg, https://pickaqua.com/wp-content/uploads/2023/07/5-8.jpg",,,,,,,,,126,,,,,,,,,,,,,,,,,,,,,,,,,,,,
5562,simple,,"Gemstone Vial Guardian",1,0,visible,"<div class=""product attribute overview"">\n<div class=""value std"">\n\n<strong>black tourmaline - amethyst - clear quartz</strong>\n\nA hand-made glass vial with a selection of crystals to restructure your drinking water. Jewelry for your water! Good for\n\nOPEN-MINDEDNESS\n\nPROTECTION\n\nCLARITY\n\n</div>\n</div>","Our Gemstone Vials are traditionally hand-crafted in a patented, artisanal method by master glassblowers in Bohemia, using lead-free glass and hand-picked gems. Tested by naturopathic doctors and based on ancient crystal healing traditions.\n\nNew ideas, mental strength and inner growth require an open mind. This intense blend has been created to neutralize everything negative. Whether it comes from working or living in a challenging environment or just bad vibes from our fellow humans. In natural healing traditions, grounding black tourmaline stands for protection and safety. In several publications, Amethyst has been named the perfect companion for black tourmaline to create a powerful, natural shield against negativity. Clear Quartz adds a good portion of clarity. Use GUARDIAN as a screen and enjoy the freedom you'll gain.\n\n\n&nbsp;\n<div class=""additional-attributes-wrapper table-wrapper"">\n<table id=""product-attribute-specs-table"" class=""data table additional-attributes"">\n<tbody>\n<tr>\n<th class=""col label"" scope=""row"">EAN</th>\n<td class=""col data"" data-th=""EAN"">4260228310237</td>\n</tr>\n<tr>\n<th class=""col label"" scope=""row"">Crystal Virtues</th>\n<td class=""col data"" data-th=""Crystal Virtues"">Inspiration, Clarity, Focus, Intuition, Imagination, Wisdom, Self-Acceptance, Protection, Security</td>\n</tr>\n<tr>\n<th class=""col label"" scope=""row"">Comes With</th>\n<td class=""col data"" data-th=""Comes With"">gemstone vial</td>\n</tr>\n<tr>\n<th class=""col label"" scope=""row"">Dimensions &amp; Weight</th>\n<td class=""col data"" data-th=""Dimensions &amp; Weight"">length ca. 35cm., diameter ca. 5cm</td>\n</tr>\n<tr>\n<th class=""col label"" scope=""row"">Material</th>\n<td class=""col data"" data-th=""Material"">borosilicate glass, gemstones</td>\n</tr>\n<tr>\n<th class=""col label"" scope=""row"">Care</th>\n<td class=""col data"" data-th=""Care"">handwash</td>\n</tr>\n</tbody>\n</table>\n</div>\n<iframe style=""display: none;""></iframe>",,,taxable,,1,,,0,0,,,,,1,,,81.818181818181818,"Gadgets, Gadgets > Vials",,,"https://pickaqua.com/wp-content/uploads/2023/07/1-28.jpg, https://pickaqua.com/wp-content/uploads/2023/07/2-26.jpg, https://pickaqua.com/wp-content/uploads/2023/07/3-18.jpg, https://pickaqua.com/wp-content/uploads/2023/07/4-15.jpg, https://pickaqua.com/wp-content/uploads/2023/07/5-9.jpg",,,,,,,,,117,,,,,,,,,,,,,,,,,,,,,,,,,,,,
5588,simple,,"Gemstone Vial Inspiration",1,0,visible,"<div class=""product attribute overview"">\n<div class=""value std"">\n\n<strong>lapis lazuli - rutilated quartz</strong>\n\nDiscover one of nature’s most valuable secrets! Our unique VitaJuwel glass vial with a selection of gemstones to stimulate your drinking water. Good for\n\nAWARENESS\n\nFOCUS\n\nDEDICATION\n\n</div>\n</div>","Our Gemstone Vials are traditionally hand-crafted in a patented, artisanal method by master glassblowers in Bohemia, using lead-free glass and hand-picked gems. They come in carefully selected gemstone blend variations, based on ancient crystal healing traditions.\n\nChange the world with your creativity and break fresh ground! Get inspired by enjoying a glass of crystal water from this enchanting combination of rutilated quartz and the deep, celestial blue lapis lazuli – a symbol for spirituality in ancient Egypt about 6,000 years ago. The beautiful, golden-streaked rutile is said to energize and to improve awareness. Your brain is made up of about 75% liquid. Research has revealed that drinking water when we feel thirsty boosts our brain's performance. Feed your brainpower every day with this very special blend of crystal elixir.\n\n&nbsp;\n<div class=""additional-attributes-wrapper table-wrapper"">\n<table id=""product-attribute-specs-table"" class=""data table additional-attributes"">\n<tbody>\n<tr>\n<th class=""col label"" scope=""row"">EAN</th>\n<td class=""col data"" data-th=""EAN"">4260228310138</td>\n</tr>\n<tr>\n<th class=""col label"" scope=""row"">Crystal Virtues</th>\n<td class=""col data"" data-th=""Crystal Virtues"">Intuition, Imagination, Wisdom, Self-Confidence, Willpower, Inner Strength</td>\n</tr>\n<tr>\n<th class=""col label"" scope=""row"">Comes With</th>\n<td class=""col data"" data-th=""Comes With"">gemstone vial</td>\n</tr>\n<tr>\n<th class=""col label"" scope=""row"">Dimensions &amp; Weight</th>\n<td class=""col data"" data-th=""Dimensions &amp; Weight"">length ca. 35cm., diameter ca. 5cm</td>\n</tr>\n<tr>\n<th class=""col label"" scope=""row"">Material</th>\n<td class=""col data"" data-th=""Material"">borosilicate glass, gemstones</td>\n</tr>\n<tr>\n<th class=""col label"" scope=""row"">Care</th>\n<td class=""col data"" data-th=""Care"">handwash</td>\n</tr>\n</tbody>\n</table>\n</div>\n<iframe style=""display: none;""></iframe>",,,taxable,,1,,,0,0,,,,,1,,,123.140495867768595,"Gadgets, Gadgets > Vials",,,"https://pickaqua.com/wp-content/uploads/2023/07/1-29.jpg, https://pickaqua.com/wp-content/uploads/2023/07/2-27.jpg, https://pickaqua.com/wp-content/uploads/2023/07/3-19.jpg, https://pickaqua.com/wp-content/uploads/2023/07/4-16.jpg, https://pickaqua.com/wp-content/uploads/2023/07/5-10.jpg",,,,,,,,,131,,,,,,,,,,,,,,,,,,,,,,,,,,,,
5614,simple,,"Gemstone Vial Diamonds",1,0,visible,"<div class=""product attribute overview"">\n<div class=""value std"">\n\n<strong>diamond slivers - clear quartz</strong>\n\nOur original, hand-made glass vial with a selection of gemstones. A great holistic approach to breathe life into your water. Good for\n\nINVIGORATING\n\nENERGIZING\n\nEXHILARATING\n\n</div>\n</div>","Our Gemstone Vials are traditionally hand-crafted in a patented, artisanal method by master glassblowers in Bohemia, using lead-free glass and hand-picked gems. Based on ancient crystal healing traditions. A natural treasure.\n\nDiamonds are a GemWater lover's best friend.  Diamonds, the most precious gems on earth, were believed to channel divine energy.   In the past, diamonds were only for kings and queens. Our customers say that no other GemWater tastes as apollonian as this exclusive blend. Try it once, and you'll never drink ordinary tap water again. Infuse tap water with this blend, and drink water fit for a king (or queen). It is a perfect gift for that special someone you treasure most in your life – it is as unique as a diamond ring or a precious necklace - Jewelry for Your Water!\n\n&nbsp;\n<div class=""additional-attributes-wrapper table-wrapper"">\n<table id=""product-attribute-specs-table"" class=""data table additional-attributes"">\n<tbody>\n<tr>\n<th class=""col label"" scope=""row"">EAN</th>\n<td class=""col data"" data-th=""EAN"">4260228310084</td>\n</tr>\n<tr>\n<th class=""col label"" scope=""row"">Crystal Virtues</th>\n<td class=""col data"" data-th=""Crystal Virtues"">Inspiration, Clarity, Focus, Self-Acceptance, Protection, Security</td>\n</tr>\n<tr>\n<th class=""col label"" scope=""row"">Comes With</th>\n<td class=""col data"" data-th=""Comes With"">gemstone vial</td>\n</tr>\n<tr>\n<th class=""col label"" scope=""row"">Dimensions &amp; Weight</th>\n<td class=""col data"" data-th=""Dimensions &amp; Weight"">length ca. 35cm., diameter ca. 5cm</td>\n</tr>\n<tr>\n<th class=""col label"" scope=""row"">Material</th>\n<td class=""col data"" data-th=""Material"">borosilicate glass, gemstones</td>\n</tr>\n<tr>\n<th class=""col label"" scope=""row"">Care</th>\n<td class=""col data"" data-th=""Care"">handwash</td>\n</tr>\n</tbody>\n</table>\n</div>\n<iframe style=""display: none;""></iframe>",,,taxable,,1,,,0,0,,,,,1,,,222.31404958677686,"Gadgets, Gadgets > Vials",,,"https://pickaqua.com/wp-content/uploads/2023/07/1-30.jpg, https://pickaqua.com/wp-content/uploads/2023/07/2-28.jpg, https://pickaqua.com/wp-content/uploads/2023/07/3-20.jpg, https://pickaqua.com/wp-content/uploads/2023/07/4-17.jpg, https://pickaqua.com/wp-content/uploads/2023/07/5-11.jpg",,,,,,,,,91,,,,,,,,,,,,,,,,,,,,,,,,,,,,
7276,simple,HU700,"Hunyadi Janos Gyogyviz 0.7L",1,0,visible,,"Magnesium (Mg2+):2160 mg/l\nSodium (Na+):5110 mg/l\nCalcium (Ca2+):430 mg/l\nHydrogen-carb. (HCO3):738 mg/l\nSulphate (SO42-):18700 mg/l\nChloride (Cl-):660 mg/l\nSum total of ingredients:30200 mg/l\n\n&nbsp;\n\nCHARACTERISTICS\nThe two main ingredients of Hunyadi János healing water, known and used since 1863, are sodium sulfate and magnesium sulfate. The benefit of medicinal water is that it is not addictive, like other medicines and teas for cleansing the intestinal tract.\n\nINDICATIONS\nGlauber's saline (sodium sulfate) medicinal waters are characterized by their laxative properties and their therapeutic effect on mild cases of colitis. The healing water washes the intestinal walls, dissolving bacteria and inflamed secretions, which are then passed out in the stool. Unpleasant complaints, such as pain and a feeling of bloating, decrease and then disappear as a result of bowel cleansing.\nMedicinal water can be successfully used for effortless bowel movement, which is very important for cerebral vein diseases, post-stroke conditions, hemorrhoids, atherosclerosis and hernia.\nMedicinal water is an effective ingredient in the treatment of certain gall bladder diseases; its use also reduces the risk of gallstone formation.\nWith the effect of sodium sulfate and magnesium sulfate medicinal water, the gallbladder contracts and the flow of bile into the intestines increases.\nLong-term use of sodium sulfate medicated water helps to regularly empty the gallbladder and increase bile secretion, which reduces the risk of gallstone formation and inflammation.\nWhen used after meals, medicinal water inhibits the absorption of fats and proteins, so it can be used as a dietary supplement.\n\nDOSAGE\nIt is necessary to use 200 ml of medicinal water for one-time cleaning. When using medicinal water in a concentrated form, the effects will appear only after 12-24 hours.\n\nFOR FAST EFFECT\nIf you use it lukewarm, on an empty stomach, diluting 200 ml of medicinal water with 200 ml of normal water (50-50%), the effect will appear within 1-2 hours.\n(This is also confirmed by Dr. Tamás Sándor's research on post-operative bowel initiation in surgical patients.) An investigation by Professor Sandor Tamas aimed at activating the bowel functions of surgical patients after operations.\n\nIN OTHER CASES\nMedicinal water should be taken on an empty stomach, half an hour before meals; For the treatment of intestinal catarrh, a daily dose of 100-200 ml is recommended, as part of a cure. In case of functional disorders of the gallbladder, liver diseases and diabetes mellitus, it is recommended to use 200-300 ml per day, drinking in several smaller portions.\n\nFOR WEIGHT LOSS\nFor the purposes of slimming treatment, against obesity, it is recommended to use 100ml of medicinal water three times a day after the main meal.\n\nTHE PRODUCT CANNOT BE USED IN THE FOLLOWING CASES\nIn acute catarrh of the stomach and intestines, lack of stomach acid, bleeding ulcers of the stomach and intestines, weakness of the heart, as well as diarrhea, vomiting and significant fluid loss.\n\n<iframe style=""display: none;""></iframe>\n\n<iframe style=""display: none;""></iframe>",,,taxable,,1,,,0,0,1.4,,,,1,,,4.05,"Water > Medical water, Water > Natural Mineral Water",,,https://pickaqua.com/wp-content/uploads/2023/08/hunyadi-janos.webp,,,,,,,,,57,,,,,,,,,,,,,,,,,,,,,,,,,,,,
7301,simple,WWS750,"White Water still (0.75L)",1,0,visible,"<span data-sheets-value=""{&quot;1&quot;:2,&quot;2&quot;:&quot; Glass Bottle 750ml STILL&quot;}"" data-sheets-userformat=""{&quot;2&quot;:17153,&quot;3&quot;:{&quot;1&quot;:0},&quot;11&quot;:4,&quot;12&quot;:0,&quot;17&quot;:1}""> Glass Bottle 750ml STILL</span>","<span data-sheets-value=""{&quot;1&quot;:2,&quot;2&quot;:&quot;Discover White Water - the essence of purity and vitality. Alkaline natural mineral water with pH 9.2 and light mineral content (TDS 158 mg/l). Rich in silica, the beauty mineral. White water is perfect for daily hydration.\\nIdeal for those who appreciate the power of nature.\\n\\nWhat makes White Water unique? It contains naturally occurring colloidal silver, a truly rare element, in water. It was not for nothing that our ancestors put silver coins in water.\\n\\nTaste: Light, subtly sweet, velvety taste.\\n\\nThe perfect water for the HoReCa segment, which will make the organization truly special with the choice of White Water.\\n\\nExceptionally clean water from anunpolluted environment. Obtained at a depth of 515 meters with natural deposit pressure in Bulgaria's Rila Mountains National Park.\\n\\nElevate your hydration with White Water - where purity and elegance meet the rarity of the mineral composition.&quot;}"" data-sheets-userformat=""{&quot;2&quot;:769,&quot;3&quot;:{&quot;1&quot;:0},&quot;11&quot;:4,&quot;12&quot;:0}"">Discover White Water - the essence of purity and vitality. Alkaline natural mineral water with pH 9.2 and light mineral content (TDS 158 mg/l). Rich in silica, the beauty mineral. White water is perfect for daily hydration.\nIdeal for those who appreciate the power of nature.</span>\n\nWhat makes White Water unique? It contains naturally occurring colloidal silver, a truly rare element, in water. It was not for nothing that our ancestors put silver coins in water.\n\nTaste: Light, subtly sweet, velvety taste.\n\nThe perfect water for the HoReCa segment, which will make the organization truly special with the choice of White Water.\n\nExceptionally clean water from anunpolluted environment. Obtained at a depth of 515 meters with natural deposit pressure in Bulgaria's Rila Mountains National Park.\n\nElevate your hydration with White Water - where purity and elegance meet the rarity of the mineral composition.",,,taxable,,1,,,0,0,1.45,,,,1,,2.1487603306,2.65,"Water > Natural Mineral Water",,,https://pickaqua.com/wp-content/uploads/2023/08/photo_2023-08-31_15-55-35.jpg,,,,,,,,,65,,,,,,,,,,,,,,,,,,,,,,,,,,,,
7308,simple,WWG750,"White Water carbonated (0.75L)",1,0,visible,"<span data-sheets-value=""{&quot;1&quot;:2,&quot;2&quot;:&quot;Glass bottle 750 ml, carbonated&quot;}"" data-sheets-userformat=""{&quot;2&quot;:17153,&quot;3&quot;:{&quot;1&quot;:0},&quot;11&quot;:4,&quot;12&quot;:0,&quot;17&quot;:1}"">Glass bottle 750 ml, carbonated</span>","<span data-sheets-value=""{&quot;1&quot;:2,&quot;2&quot;:&quot;\&quot;Discover White Water - the essence of purity and vitality. Alkaline natural mineral water with pH 9.2 and light mineral content (TDS 158 mg/l). Rich in silica, the beauty mineral. White water is perfect for daily hydration.\\nIdeal for those who appreciate the power of nature.\\n\\nWhat makes White Water unique? It contains naturally occurring colloidal silver, a truly rare element, in water. It was not for nothing that our ancestors put silver coins in water.\\n\\nTaste: Bubbly, Subtly sweet, velvety taste.\\n\\nThe perfect water for the HoReCa segment, which will make the organization truly special with the choice of White Water.\\n\\nExceptionally clean water from an un polluted environment. Obtained at a depth of 515 meters with natural deposit pressure in Bulgaria's Rila Mountains National Park.\\n\\nElevate your hydration with White Water - where purity and elegance meet the rarity of the mineral composition.\&quot;&quot;}"" data-sheets-userformat=""{&quot;2&quot;:769,&quot;3&quot;:{&quot;1&quot;:0},&quot;11&quot;:4,&quot;12&quot;:0}"">""Discover White Water - the essence of purity and vitality. Alkaline natural mineral water with pH 9.2 and light mineral content (TDS 158 mg/l). Rich in silica, the beauty mineral. White water is perfect for daily hydration.\nIdeal for those who appreciate the power of nature.</span>\n\nWhat makes White Water unique? It contains naturally occurring colloidal silver, a truly rare element, in water. It was not for nothing that our ancestors put silver coins in water.\n\nTaste: Bubbly, Subtly sweet, velvety taste.\n\nThe perfect water for the HoReCa segment, which will make the organization truly special with the choice of White Water.\n\nExceptionally clean water from an un polluted environment. Obtained at a depth of 515 meters with natural deposit pressure in Bulgaria's Rila Mountains National Park.\n\nElevate your hydration with White Water - where purity and elegance meet the rarity of the mineral composition.""\n\n<iframe style=""display: none;""></iframe>\n\n<iframe style=""display: none;""></iframe>\n\n<iframe style=""display: none;""></iframe>\n\n<iframe style=""display: none;""></iframe>",,,taxable,,1,,,0,0,,,,,1,,2.1487603306,2.65,"Water > Natural Mineral Water",,,https://pickaqua.com/wp-content/uploads/2023/08/photo_2023-08-31_16-05-05.jpg,,,,,,,,,70,,,,,,,,,,,,,,,,,,,,,,,,,,,,
7817,simple,,"Gemstone Droplet Amethyst",1,0,visible,"Vitalizing wine on-the-go, in a restaurant or your friend’s house, the Gemstone Droplet is a fantastic conversation starter.","<div id=""product.attributes.description"" class=""data item content"" data-role=""content"">\n\nThe handcrafted Gemstone Droplet is a mini version of our Gemstone Vial, filled with clear quartz,  a fiery garnet, and an exquisite amethyst.  Its water drop design is eye-catchingly elegant. To ensure that GemWater and wine lovers have their personal Gemstone Vial at ready in their bag, the Gemstone Droplet comes with an exquisite leatherette case.\n\n&nbsp;\n<div class=""additional-attributes-wrapper table-wrapper"">\n<table id=""product-attribute-specs-table"" class=""data table additional-attributes"">\n<tbody>\n<tr>\n<th class=""col label"" scope=""row"">EAN</th>\n<td class=""col data"" data-th=""EAN"">4260228312002</td>\n</tr>\n<tr>\n<th class=""col label"" scope=""row"">Comes With</th>\n<td class=""col data"" data-th=""Comes With"">mini gemstone vial, leatherette case</td>\n</tr>\n<tr>\n<th class=""col label"" scope=""row"">Dimensions &amp; Weight</th>\n<td class=""col data"" data-th=""Dimensions &amp; Weight"">length ca. 17cm, diameter ca. 2,5cm</td>\n</tr>\n<tr>\n<th class=""col label"" scope=""row"">Material</th>\n<td class=""col data"" data-th=""Material"">borosilicate glass, gemstones</td>\n</tr>\n<tr>\n<th class=""col label"" scope=""row"">Care</th>\n<td class=""col data"" data-th=""Care"">handwash</td>\n</tr>\n</tbody>\n</table>\n</div>\n</div>\n<div id=""staticcms_shipping"" class=""data item content"" data-role=""content"">\n<div class=""std"">\n\nYour parcels will leave our warehouse within 1-3 working days after your order confirmation. Once the shipment leaves the warehouse you will receive an email with a tracking code to have a real-time information about the shipping status.\n\n</div>\n</div>\n<iframe style=""display: none;""></iframe>\n\n<iframe style=""display: none;""></iframe>",,,taxable,,1,,,0,0,,,,,1,,,37.190082644628099,"Gadgets > Gemstone Droplet",,,"https://pickaqua.com/wp-content/uploads/2023/10/phiolino_water_1000px.jpg, https://pickaqua.com/wp-content/uploads/2023/10/leather_case_with_phiolino_1000px.jpg, https://pickaqua.com/wp-content/uploads/2023/10/phiolino_1000px.jpg",,,,,,,,,73,,,,,,,,,,,,,,,,,,,,,,,,,,,,
7877,simple,,"EVEREST still 1,5L",1,0,visible,,"<dl class=""b-product-info--info-2"">\n 	<dt class=""b-product-info--info-3-title"">Description</dt>\n 	<dd>Still drinking water</dd>\n 	<dt class=""b-product-info--info-3-title"">Vendor</dt>\n 	<dd>a/s GUTTA, Valdlauči, Ķekavas pagasts, Ķekavas novads, LV - 1076, Latvija</dd>\n 	<dt class=""b-product-info--info-3-title"">Storage conditions</dt>\n 	<dd>Storage temperature: 3°C to 24°C.</dd>\n 	<dt class=""b-product-info--info-3-title"">Packaging</dt>\n 	<dd>Plastic</dd>\n</dl>\n<iframe style=""display: none;""></iframe>\n\n<iframe style=""display: none;""></iframe>",,,taxable,,0,,,0,0,,,,,1,,,,"Water > Drinking Water",,,https://pickaqua.com/wp-content/uploads/2023/10/everest-3d_15l-negazets_web_002_320x.webp,,,,,,,,,371,,,,,,,,,,,,,,,,,,,,,,,,,,,,
7883,simple,,"VICHY CLASSIQUE still 1,5L",1,0,visible,,"<dl class=""b-product-info--info-2"">\n 	<dt class=""b-product-info--info-3-title"">Description</dt>\n 	<dd>Drinking Water</dd>\n 	<dt class=""b-product-info--info-3-title"">Vendor</dt>\n 	<dd>Utena-Lithuania</dd>\n 	<dt class=""b-product-info--info-3-title"">Packaging</dt>\n 	<dd>PET</dd>\n</dl>\n<iframe style=""display: none;""></iframe>",,,taxable,,0,,,0,0,,,,,1,,,,"Water > Drinking Water",,,https://pickaqua.com/wp-content/uploads/2023/10/mat_1350406_pce_lt.webp,,,,,,,,,356,,,,,,,,,,,,,,,,,,,,,,,,,,,,
7889,simple,,"MANGAĻI still 2L",1,0,visible,,"<dl class=""b-product-info--info-2"">\n 	<dt class=""b-product-info--info-3-title"">Description</dt>\n 	<dd>Natural mineral water MANGAĻI still 2L</dd>\n 	<dt class=""b-product-info--info-3-title"">Vendor</dt>\n 	<dd>SIA CIDO GRUPA, Ostas iela 4, Rīga, LV 1034</dd>\n 	<dt class=""b-product-info--info-3-title"">Storage conditions</dt>\n 	<dd>Storage temperature: 2°C to 20°C.</dd>\n 	<dt class=""b-product-info--info-3-title"">Packaging</dt>\n 	<dd>PET</dd>\n</dl>\n<iframe style=""display: none;""></iframe>\n\n<iframe style=""display: none;""></iframe>",,,taxable,,0,,,0,0,,,,,1,,,,"Water > Natural Mineral Water",,,https://pickaqua.com/wp-content/uploads/2023/10/mat_1366075_pce_lv.webp,,,,,,,,,351,,,,,,,,,,,,,,,,,,,,,,,,,,,,
7895,simple,,"VENDEN still 1,5L",1,0,visible,,"<dl class=""b-product-info--info-2"">\n 	<dt class=""b-product-info--info-3-title"">Description</dt>\n 	<dd>Natural mineral water</dd>\n 	<dt>Still natural mineral water. Essential components: Sausne 0.31-0.42 g/lHCO-3160;260-391 mg/lSO42- 160;30-79 mg/lCI- 0.7-6 mg/lCa2+ 67-105 mg/lMg2+ 16-31 mg/lNa+ 1.5-7 mg/lK+ 1-6 mg/160;</dt>\n 	<dt class=""b-product-info--info-3-title"">Vendor</dt>\n 	<dd>SIA VENDEN, Cīrulīšu iela 68, Cēsis, LV-4101, tel. +37167344444</dd>\n 	<dt class=""b-product-info--info-3-title"">Storage conditions</dt>\n 	<dd>Storage temperature: 3°C to 24°C.</dd>\n 	<dt class=""b-product-info--info-3-title"">Packaging</dt>\n 	<dd>PET</dd>\n</dl>\n<iframe style=""display: none;""></iframe>",,,taxable,,0,,,0,0,,,,,1,,,,"Water > Natural Mineral Water",,,https://pickaqua.com/wp-content/uploads/2023/10/mat_1354906_pce_lv.webp,,,,,,,,,366,,,,,,,,,,,,,,,,,,,,,,,,,,,,
7902,simple,,"VENDEN carbonated 1,5L",1,0,visible,,"<dl class=""b-product-info--info-2"">\n 	<dt class=""b-product-info--info-3-title"">Description</dt>\n 	<dd>Carbonated natural mineral water</dd>\n 	<dt class=""b-product-info--info-3-title"">Components</dt>\n 	<dd>Carbonated natural mineral water. Essential ingredients: 0.31-0.42 g/lHCO-3&amp;amp;#160;260-391 mg/lSO42- &amp;amp;#160;30-79 mg/lCI- 0.7-6 mg/lCa2+ 67-105 mg/lMg2+ 16-31 mg/lNa+ 1.5-7 mg/lK+ 1-6 mg/l</dd>\n 	<dt class=""b-product-info--info-3-title"">Vendor</dt>\n 	<dd>SIA VENDEN, Cīrulīšu iela 68, Cēsis, LV-4101, tel. +37167344444</dd>\n 	<dt class=""b-product-info--info-3-title"">Storage conditions</dt>\n 	<dd>Storage temperature: 3°C to 24°C.</dd>\n 	<dt class=""b-product-info--info-3-title"">Packaging</dt>\n 	<dd>PET</dd>\n</dl>\n<iframe style=""display: none;""></iframe>\n\n<iframe style=""display: none;""></iframe>\n\n<iframe style=""display: none;""></iframe>\n\n<iframe style=""display: none;""></iframe>",,,taxable,,0,,,0,0,,,,,1,,,,"Water > Natural Mineral Water",,,https://pickaqua.com/wp-content/uploads/2023/10/mat_1354905_pce_lv.webp,,,,,,,,,361,,,,,,,,,,,,,,,,,,,,,,,,,,,,
8038,simple,,"Borjomi Pet 0.5l",1,0,visible,,"Borjomi's legendary mineral water in the package of your choice. The mineral magic in every drop rejuvenates your body, mind, and soul, filling you with the force of Georgian nature\n\n<iframe style=""display: none;""></iframe>",,,taxable,,0,,,0,0,,,,,1,,,,"Water > Natural Mineral Water",,,https://pickaqua.com/wp-content/uploads/2023/10/ezgif-com-gif-maker-1-1fcdcce7.webp,,,,,,,,,342,,,,,,,,,,,,,,,,,,,,,,,,,,,,
8113,simple,,"Cllierro (5l)",1,0,visible,,"Still drinking water. Cllierro still 5l.",,,taxable,,0,,,0,0,,0.14,0.14,0.33,1,,,0.909090909090909,"Water > Drinking Water",,,https://pickaqua.com/wp-content/uploads/2023/10/1.jpg,,,,,,,,,374,,,,,,,,,,,,,,,,,,,,,,,,,,,,
8152,simple,,"Tiche still 1.5l",1,0,visible,,"<div class=""product attribute description"">\n<div class=""value"">TICHĖ – a unique, mild-tasting, medium-mineralized, alkaline, sulfate-rich natural mineral water with a unique composition of minerals. More than 10 natural minerals are dissolved in one bottle. Nature's balanced composition of minerals and sulfates allows you to enjoy the benefits of TICHĖ every day. water is harvested and bottled from a depth of 689 meters. At such a depth, the water retains its pristine, pure state created by nature itself. Components (mg/l): Anions: SO2-4 834mg; HCO-3 108mg; CI- 46mg; Br- 4.9mg; F- 0.3mg; Cations: Ca2+ 220mg; Na+ 76mg; Mg2+ 73mg; K+ 19mg; Li+ 0.05mg. Distributor: SIA Trialto Latvia.</div>\n</div>\n<iframe style=""display: none;""></iframe>",,,taxable,,0,,,0,0,,,,,1,,,0.652892561983471,"Water > Natural Mineral Water",,,https://pickaqua.com/wp-content/uploads/2023/10/1_5_neg_z_ts_jpg.jpg,,,,,,,,,311,,,,,,,,,,,,,,,,,,,,,,,,,,,,
8159,simple,,"Tiche still 0.5l",1,0,visible,,"<div class=""product attribute description"">\n<div class=""value"">Natural mineral water Tiche is obtained in a deep well from the 689m deep source Tiche, located in the city of Telšiai. Ingredients: salt 0.019g/100ml; Chloride 4mg; Calcium 22mg; Magnesium 7mg; Potassium 1mg. Made in Lithuania. Distributor: SIA Trialto Latvia.</div>\n</div>\n<iframe style=""display: none;""></iframe>",,,taxable,,0,,,0,0,,,,,1,,,0.471074380165289,"Water > Natural Mineral Water",,,https://pickaqua.com/wp-content/uploads/2023/10/0_5_neg_z_ts_jpg.jpg,,,,,,,,,291,,,,,,,,,,,,,,,,,,,,,,,,,,,,
8165,simple,,"Tiche carbonated 1.5l",1,0,visible,,"<div class=""product attribute description"">\n<div class=""value"">Natural mineral water Tiche is obtained in a deep well from the 689m deep source Tiche, located in the city of Telšiai. Ingredients: salt 0.019g/100ml; Chloride 4mg; Calcium 22mg; Magnesium 7mg; Potassium 1mg. Made in Lithuania. Distributor: SIA Trialto Latvia.</div>\n</div>\n<iframe style=""display: none;""></iframe>",,,taxable,,0,,,0,0,,,,,1,,,0.652892561983471,"Water > Natural Mineral Water",,,https://pickaqua.com/wp-content/uploads/2023/10/2021_tiche_1_5_carbonated_1_jpg.jpg,,,,,,,,,321,,,,,,,,,,,,,,,,,,,,,,,,,,,,
8171,simple,,"Tiche carbonated 0.5l",1,0,visible,,"<div class=""product attribute description"">\n<div class=""value"">Natural mineral water Tiche is obtained in a deep well from the 689m deep source Tiche, located in the city of Telšiai. Ingredients: salt 0.019g/100ml; Chloride 4mg; Calcium 22mg; Magnesium 7mg; Potassium 1mg. Made in Lithuania. Distributor: SIA Trialto Latvia.</div>\n</div>\n<iframe style=""display: none;""></iframe>",,,taxable,,0,,,0,0,,,,,1,,,0.471074380165289,"Water > Natural Mineral Water",,,https://pickaqua.com/wp-content/uploads/2023/10/tiche_500_ml_gaz_jpg.jpg,,,,,,,,,296,,,,,,,,,,,,,,,,,,,,,,,,,,,,
8177,simple,,"Tērvete still 1.5l",1,0,visible,,"<div class=""product attribute description"">\n<div class=""value"">The total mineralization of 350-900mg / l. Calcium Cа2 + 70-130 mg / l Magnesium Mg2 + 18-45 mg / l Sodium Na + 5-50mg / l potassium K + 2-15 mg / l Chloride Cl- 5-100mg / l sulfate SO42- 50-110mg / l, hydrocarbonate HСОз- 200-450mg / l. Store at 0 ° + 25 ° C. Manufacturer A / S Tervete AL.</div>\n</div>\n<iframe style=""display: none;""></iframe>",,,taxable,,0,,,0,0,,,,,1,,,0.768595041322314,"Water > Drinking Water",,,https://pickaqua.com/wp-content/uploads/2023/10/4750440000189_1_jpg.jpg,,,,,,,,,336,,,,,,,,,,,,,,,,,,,,,,,,,,,,
8183,simple,,"Tērvete carbonated 1.5l",1,0,visible,,"<div class=""product attribute description"">\n<div class=""value"">The total mineralization of 350-900mg / l. Calcium Cа2 + 70-130 mg / l Magnesium Mg2 + 18-45 mg / l Sodium Na + 5-50mg / l potassium K + 2-15 mg / l Chloride Cl- 5-100mg / l sulfate SO42- 50-110mg / l, hydrocarbonate HСОз- 200-450mg / l. Store at 0 ° + 25 ° C. Manufacturer A / S Tervete AL.</div>\n</div>\n<iframe style=""display: none;""></iframe>",,,taxable,,0,,,0,0,,,,,1,,,0.768595041322314,"Water > Drinking Water",,,https://pickaqua.com/wp-content/uploads/2023/10/4750440000172_1_jpg.jpg,,,,,,,,,341,,,,,,,,,,,,,,,,,,,,,,,,,,,,
8190,simple,,"Magnesia still 1.5l",1,0,visible,,"<div class=""product attribute description"">\n<div class=""value"">Contains natural magnesium. Magnesium is a basic element for energy production in living organisms. Magnesium affects more than 300 enzyme reactions in the body. Therefore, its lack can easily become the cause of health problems. Taking magnesium helps to reduce feelings of stress and fatigue. Carbonated natural mineral water from Karlovy Vary with magnesium.Calcium Са2 + 69.7, 20.4 Magnesium Mg 2 +, Na + 60.8 Sodium, Chloride Cl-Sulfate SO42 12.6, 42.4, total mineralization / Solids mg / l 532. Manufacturer: ""KARLOVARSKE MINERALNI VODY, a.s."", Horova 3, 360 21 Karlovy Vary, Czech Republic. Distributor SIA Trialto Latvia.</div>\n</div>",,,taxable,,0,,,0,0,,,,,1,,,1.033057851239669,"Water > Natural Mineral Water",,,https://pickaqua.com/wp-content/uploads/2023/10/28993785_1_jpg.jpg,,,,,,,,,326,,,,,,,,,,,,,,,,,,,,,,,,,,,,
8196,simple,,"Magnesia carbonated 1.5l",1,0,visible,,"<div class=""product attribute description"">\n<div class=""value"">\n<div class=""product attribute description"">\n<div class=""value"">Contains natural magnesium. Magnesium is a basic element for energy production in living organisms. Magnesium affects more than 300 enzyme reactions in the body. Therefore, its lack can easily become the cause of health problems. Taking magnesium helps to reduce feelings of stress and fatigue. Carbonated natural mineral water from Karlovy Vary with magnesium.Calcium Са2 + 69.7, 20.4 Magnesium Mg 2 +, Na + 60.8 Sodium, Chloride Cl-Sulfate SO42 12.6, 42.4, total mineralization / Solids mg / l 532. Manufacturer: ""KARLOVARSKE MINERALNI VODY, a.s."", Horova 3, 360 21 Karlovy Vary, Czech Republic. Distributor SIA Trialto Latvia.</div>\n</div>\n</div>\n</div>",,,taxable,,0,,,0,0,,,,,1,,,1.033057851239669,"Water > Natural Mineral Water",,,https://pickaqua.com/wp-content/uploads/2023/10/66699743_2_jpg.jpg,,,,,,,,,327,,,,,,,,,,,,,,,,,,,,,,,,,,,,
8215,simple,,"Tiche lightly carbonated 1.5l",1,0,visible,,"<div class=""product attribute description"">\n<div class=""value"">Natural mineral water Tiche is obtained in a deep well from the 689m deep source Tiche, located in the city of Telšiai.</div>\n<div class=""value"">Ingredients:</div>\n<ul>\n 	<li class=""value"">salt 0.019g/100ml;</li>\n 	<li class=""value"">Chloride 4mg;</li>\n 	<li class=""value"">Calcium 22mg;</li>\n 	<li class=""value"">Magnesium 7mg;</li>\n 	<li class=""value"">Potassium 1mg.</li>\n</ul>\nMade in Lithuania. Distributor: SIA Trialto Latvia.\n\n</div>\n<iframe style=""display: none;""></iframe>",,,taxable,,0,,,0,0,,,,,1,,,0.702479338842975,"Water > Natural Mineral Water",,,https://pickaqua.com/wp-content/uploads/2023/10/tiche_viegli_g_1_5l_jpeg.jpg,,,,,,,,,312,,,,,,,,,,,,,,,,,,,,,,,,,,,,
8221,simple,,"Tiche carbonated 0.33l",1,0,visible,,"<div class=""product attribute description"">\n<div class=""value"">Natural mineral water Tiche is obtained in a deep well from the 689m deep source Tiche, located in the city of Telšiai.</div>\n<div class=""value"">Ingredients:</div>\n<ul>\n 	<li class=""value"">salt 0.019g/100ml;</li>\n 	<li class=""value"">Chloride 4mg;</li>\n 	<li class=""value"">Calcium 22mg;</li>\n 	<li class=""value"">Magnesium 7mg;</li>\n 	<li class=""value"">Potassium 1mg.</li>\n</ul>\nMade in Lithuania. Distributor: SIA Trialto Latvia.\n\n</div>\n<iframe style=""display: none;""></iframe>",,,taxable,,0,,,0,0,,,,,1,,,0.735537190082645,"Water > Natural Mineral Water",,,https://pickaqua.com/wp-content/uploads/2023/10/tiche_glass_033_carbonated_jpeg.jpg,,,,,,,,,277,,,,,,,,,,,,,,,,,,,,,,,,,,,,
8227,simple,,"Tiche still 0.33l PET",1,0,visible,,"<div class=""product attribute description"">\n<div class=""value"">Natural mineral water Tiche is obtained in a deep well from the 689m deep source Tiche, located in the city of Telšiai.</div>\n<div class=""value"">Ingredients:</div>\n<ul>\n 	<li class=""value"">salt 0.019g/100ml;</li>\n 	<li class=""value"">Chloride 4mg;</li>\n 	<li class=""value"">Calcium 22mg;</li>\n 	<li class=""value"">Magnesium 7mg;</li>\n 	<li class=""value"">Potassium 1mg.</li>\n</ul>\nMade in Lithuania. Distributor: SIA Trialto Latvia.\n\n</div>\n<iframe style=""display: none;""></iframe>",,,taxable,,0,,,0,0,,,,,1,,,0.371900826446281,"Water > Natural Mineral Water",,,https://pickaqua.com/wp-content/uploads/2023/10/tiche_330_ml_neg_pet_jpeg.jpg,,,,,,,,,282,,,,,,,,,,,,,,,,,,,,,,,,,,,,
8233,simple,,"Tiche still 0.33l glass",1,0,visible,,"<div class=""product attribute description"">\n<div class=""value"">Natural mineral water Tiche is obtained in a deep well from the 689m deep source Tiche, located in the city of Telšiai.</div>\n<div class=""value"">Ingredients:</div>\n<ul>\n 	<li class=""value"">salt 0.019g/100ml;</li>\n 	<li class=""value"">Chloride 4mg;</li>\n 	<li class=""value"">Calcium 22mg;</li>\n 	<li class=""value"">Magnesium 7mg;</li>\n 	<li class=""value"">Potassium 1mg.</li>\n</ul>\nMade in Lithuania. Distributor: SIA Trialto Latvia.\n\n</div>\n<iframe style=""display: none;""></iframe>",,,taxable,,0,,,0,0,,,,,1,,,0.735537190082645,"Water > Natural Mineral Water",,,https://pickaqua.com/wp-content/uploads/2023/10/tiche_glass_033_still_jpeg.jpg,,,,,,,,,272,,,,,,,,,,,,,,,,,,,,,,,,,,,,
8258,simple,,"Essential Well Nr.2 carbonated 1x1l",1,0,visible,,"<div class=""product attribute description"">\n<div class=""value"">Essential Wel No. 2 carbonated drink with natural salt content 1L. Perfectly satisfies the feeling of hunger and suppresses the appetite. Promotes the natural and gentle release of toxins from the body. The magnesium contained in the water involves fats in the metabolic process and dissolves salts. Improves digestion and metabolism, supports biochemical processes, normalizes water and salt balance in the body. Improves skin elasticity and firmness. Restores water and oxygen balance, increasing endurance, coordination and concentration during exercise. Restores essential minerals and trace elements lost during training. Thanks to its potassium content, it synthesizes proteins and important enzymes, improves carbohydrate and protein metabolism. Rich in magnesium, water compensates for the loss of important proteins, promotes muscle recovery and prevents muscle cramps. Chemical composition of the drink: About ..&lt;150; Mg ... &lt;50; HCO3 ...1700-3450; SO4 ... &lt;50; Cl...&lt;100; Na + K... 500-1250. Total mineralization: 2.5 – 5g/l. Store at +5C- +20C. Ingredients: natural mineral water. Distributor SIA Trialto Latvia.</div>\n</div>\n<iframe style=""display: none;""></iframe>",,,taxable,,0,,,0,0,,,,,1,,,1.487603305785124,"Water > Natural Mineral Water",,,https://pickaqua.com/wp-content/uploads/2023/10/essential_well_2_jpeg.jpg,,,,,,,,,297,,,,,,,,,,,,,,,,,,,,,,,,,,,,
8264,simple,,"Essential Well Nr.4 carbonated 1x1l",1,0,visible,,"<div class=""product attribute description"">\n<div class=""value"">Essential Wel N.4 carbonated drink with natural salt content 1L. Fills the body with energy, strengthens immunity, improves general health and helps fight against many diseases. Due to its high sodium content, it normalizes blood pressure. The natural potassium in the composition strengthens the nervous system, immunity, restores muscles, improves kidney, liver and heart function. Contains sulfates and bicarbonates, which stimulate metabolic processes and improve the functioning of the gastrointestinal tract. Strengthens body cells, as well as bone tissue and tooth enamel. Promotes weight loss and helps you stay in good shape. Removes ""bad"" cholesterol from the body. Eliminates skin problems by ridding the body of harmful substances. Provides softness, elasticity and hydration of the skin, prevents dandruff and wrinkles. Enriching muscles with essential trace elements, water promotes ease and smoothness of movement. Ideal for various cosmetic procedures. Made in Ukraine. Chemical composition of the drink: Ca &lt;50-125; SO4 &lt;25; Mg &lt;50; Na+K 200...2800; HCO3 4500...7000; Cl &lt;200-600. Mineralization 7...10.5g/l. Store at +5C- +20C. Ingredients: natural mineral water. Distributor SIA Trialto Latvia.</div>\n</div>\n<iframe style=""display: none;""></iframe>",,,taxable,,0,,,0,0,,,,,1,,,1.487603305785124,"Water > Natural Mineral Water",,,https://pickaqua.com/wp-content/uploads/2023/10/essential_nr4_jpeg.jpg,,,,,,,,,302,,,,,,,,,,,,,,,,,,,,,,,,,,,,
8371,simple,,"ASET carbonated (1,5L)",1,0,visible,,"ASET carbonated 1,5L\n<ul>\n 	<li>Country of origin:Lithuania</li>\n 	<li>Net quantity (g/ml):1500</li>\n 	<li>Brand:ASET</li>\n</ul>\n<iframe style=""display: none;""></iframe>",,,taxable,,0,,,0,0,,,,,1,,,0.239669421487603,"Water > Drinking Water",,,https://pickaqua.com/wp-content/uploads/2023/10/1.png,,,,,,,,,446,,,,,,,,,,,,,,,,,,,,,,,,,,,,
8377,simple,,"ASET still 1,5L",1,0,visible,,"<ul>\n 	<li>Country of origin:Lithuania</li>\n 	<li>Net quantity (g/ml):1500</li>\n 	<li>Brand:ASET</li>\n</ul>\n&nbsp;",,,taxable,,0,,,0,0,,,,,1,,,0.239669421487603,"Water > Drinking Water",,,https://pickaqua.com/wp-content/uploads/2023/10/2.png,,,,,,,,,451,,,,,,,,,,,,,,,,,,,,,,,,,,,,
8383,simple,,"LIELBĀTA carbonated 1,5L",1,0,visible,,"Carbonated drinking water\n<ul>\n 	<li>Ingredients:\n<ul>\n 	<li>pH 8.0</li>\n</ul>\n</li>\n 	<li>Storage conditions:\n<ul>\n 	<li>Storage temperature range: from 3°C to 24°C.</li>\n</ul>\n</li>\n 	<li>Package\n<ul>\n 	<li>Plastic</li>\n</ul>\n</li>\n 	<li>Other information\n<ul>\n 	<li>Country of origin: Latvia</li>\n 	<li>Net quantity (g/ml):1500</li>\n 	<li>Brand:Lielbāta</li>\n</ul>\n</li>\n</ul>\n&nbsp;",,,taxable,,0,,,0,0,,,,,1,,,0.892561983471074,"Water > Natural Spring Water",,,https://pickaqua.com/wp-content/uploads/2023/10/3.png,,,,,,,,,491,,,,,,,,,,,,,,,,,,,,,,,,,,,,
8389,simple,,"LIELBĀTA still 1,5L",1,0,visible,,"Still water\n<ul>\n 	<li>Ingredients\n<ul>\n 	<li>pH 8.0</li>\n</ul>\n</li>\n 	<li>Storage conditions\n<ul>\n 	<li>Storage temperature range: from 3°C to 24°C.</li>\n</ul>\n</li>\n 	<li>Package\n<ul>\n 	<li>Plastic</li>\n</ul>\n</li>\n 	<li>Other information\n<ul>\n 	<li>Country of origin:Latvia</li>\n 	<li>Net quantity (g/ml):1500</li>\n 	<li>Brand:Lielbāta</li>\n</ul>\n</li>\n</ul>\n<iframe style=""display: none;""></iframe>",,,taxable,,0,,,0,0,,,,,1,,,0.892561983471074,"Water > Natural Spring Water",,,https://pickaqua.com/wp-content/uploads/2023/10/4.png,,,,,,,,,496,,,,,,,,,,,,,,,,,,,,,,,,,,,,
8395,simple,,"PERRIER NATURAL carbonated 330ml",1,0,visible,,"Carbonated natural mineral water\n<ul>\n 	<li>Ingredients\n<ul>\n 	<li>Mineral content (mg/l):\n<ul>\n 	<li>Ca2+ 160;</li>\n 	<li>Mg2+ 4,2;</li>\n 	<li>Na+2 9,5;</li>\n 	<li>HCO3 430;</li>\n 	<li>SO42 33;</li>\n 	<li>Cl 22;</li>\n 	<li>K+ &lt; 1;</li>\n 	<li>NO3 7,8.</li>\n</ul>\n</li>\n</ul>\n</li>\n 	<li>Storage conditions\n<ul>\n 	<li>Storage temperature range: from 3°C to 24°C.</li>\n</ul>\n</li>\n 	<li>Package\n<ul>\n 	<li>Glass</li>\n</ul>\n</li>\n 	<li>Other information\n<ul>\n 	<li>Country of origin:France</li>\n 	<li>Net quantity (g/ml):330</li>\n 	<li>Brand:Perrier</li>\n</ul>\n</li>\n</ul>\n<iframe style=""display: none;""></iframe>",,,taxable,,0,,,0,0,,,,,1,,,1.12396694214876,"Water > Natural Mineral Water",,,https://pickaqua.com/wp-content/uploads/2023/10/5.png,,,,,,,,,526,,,,,,,,,,,,,,,,,,,,,,,,,,,,
8401,simple,,"VICHY CLASSIQUE still 1,5L",1,0,visible,,"Drinking water\n<ul>\n 	<li>Manufacturer\n<ul>\n 	<li>Utena-Lietuva</li>\n</ul>\n</li>\n 	<li>Package\n<ul>\n 	<li>PET</li>\n</ul>\n</li>\n 	<li>Other information\n<ul>\n 	<li>Country of origin:Lithuania</li>\n 	<li>Net quantity (g/ml):1500</li>\n 	<li>Brand:Vichy</li>\n</ul>\n</li>\n</ul>\n<iframe style=""display: none;""></iframe>",,,taxable,,0,,,0,0,,,,,1,,,0.818181818181818,"Water > Drinking Water",,,https://pickaqua.com/wp-content/uploads/2023/10/6.png,,,,,,,,,396,,,,,,,,,,,,,,,,,,,,,,,,,,,,
8407,simple,,"VICHY CLASSIQUE carbonated 1,5L",1,0,visible,,"Drinking Water\n<ul>\n 	<li>Ingredients\n<ul>\n 	<li>Drinking Water</li>\n</ul>\n</li>\n 	<li>Manufacturer\n<ul>\n 	<li>Utena-Lietuva</li>\n</ul>\n</li>\n 	<li>Package\n<ul>\n 	<li>PET</li>\n</ul>\n</li>\n 	<li>Other information\n<ul>\n 	<li>Country of origin:Lithuania</li>\n 	<li>Net quantity (g/ml):1500</li>\n 	<li>Brand:Vichy</li>\n</ul>\n</li>\n</ul>\n<iframe style=""display: none;""></iframe>",,,taxable,,0,,,0,0,,,,,1,,,0.818181818181818,"Water > Drinking Water",,,https://pickaqua.com/wp-content/uploads/2023/10/7.png,,,,,,,,,401,,,,,,,,,,,,,,,,,,,,,,,,,,,,
8413,simple,,"ACQUA PANNA still 750ml",1,0,visible,,"Still mineral water\n\nOther information\n<ul>\n 	<li>Country of origin:Italy</li>\n 	<li>Net quantity (g/ml):750</li>\n 	<li>Brand:ACQUA PANNA</li>\n</ul>\n<iframe style=""display: none;""></iframe>",,,taxable,,0,,,0,0,,,,,1,,,2.115702479338843,"Water > Natural Mineral Water",,,https://pickaqua.com/wp-content/uploads/2023/10/8.png,,,,,,,,,421,,,,,,,,,,,,,,,,,,,,,,,,,,,,
8419,simple,,"VITTEL still 750ml",1,0,visible,,"Still mineral water\n\nOther information\n<ul>\n 	<li>Country of origin:France</li>\n 	<li>Net quantity (g/ml):750</li>\n 	<li>Brand:Vittel</li>\n</ul>\n<iframe style=""display: none;""></iframe>",,,taxable,,0,,,0,0,,,,,1,,,0.983471074380165,"Water > Natural Mineral Water",,,https://pickaqua.com/wp-content/uploads/2023/10/9.png,,,,,,,,,391,,,,,,,,,,,,,,,,,,,,,,,,,,,,
8426,simple,,"ZAĶUMUIŽA still 1,25L",1,0,visible,,"Natural mineral water\n<ul>\n 	<li>Storage conditions\n<ul>\n 	<li>Recommended until: see on the package. Keep out of direct sunlight. Use within 2 days after opening. Storage temperature range: from 2°C to 25°C.</li>\n</ul>\n</li>\n 	<li>Package\n<ul>\n 	<li>Metal</li>\n</ul>\n</li>\n 	<li>Other information\n<ul>\n 	<li>Country of origin:Latvia</li>\n 	<li>Net quantity (g/ml):1250</li>\n 	<li>Brand:Zaķumuiža</li>\n</ul>\n</li>\n</ul>\n<iframe style=""display: none;""></iframe>",,,taxable,,0,,,0,0,,,,,1,,,0.851239669421488,"Water > Natural Mineral Water",,,https://pickaqua.com/wp-content/uploads/2023/10/10.png,,,,,,,,,381,,,,,,,,,,,,,,,,,,,,,,,,,,,,
8432,simple,,"NORVIL still 500ml",1,0,visible,,"Still mineral water\n<ul>\n 	<li>Package\n<ul>\n 	<li>Plastic</li>\n</ul>\n</li>\n 	<li>Other information\n<ul>\n 	<li>Country of origin:Lithuania</li>\n 	<li>Net quantity (g/ml):1500</li>\n 	<li>Brand:Norvil</li>\n</ul>\n</li>\n</ul>\n<iframe style=""display: none;""></iframe>",,,taxable,,0,,,0,0,,,,,1,,,0.190082644628099,"Water > Natural Mineral Water",,,https://pickaqua.com/wp-content/uploads/2023/10/11.png,,,,,,,,,521,,,,,,,,,,,,,,,,,,,,,,,,,,,,
8438,simple,,"S.PELLEGRINO carbonated 1L",1,0,visible,,"Carbonated natural mineral water\n<ul>\n 	<li>Ingredients\n<ul>\n 	<li>Natural mineral water</li>\n</ul>\n</li>\n 	<li>Instructions for use\n<ul>\n 	<li>Store in a cool place and protect from direct sunlight.</li>\n</ul>\n</li>\n 	<li>Manufacturer\n<ul>\n 	<li>SANPELLEGRINOS.p.A. VIA LODOVICO ILMORO, 3520143 MILANO</li>\n</ul>\n</li>\n 	<li>Storage conditions\n<ul>\n 	<li>Storage temperature range: from 3°C to 24°C.</li>\n</ul>\n</li>\n 	<li>Package\n<ul>\n 	<li>Plastic</li>\n</ul>\n</li>\n 	<li>Other information\n<ul>\n 	<li>Country of origin:Italy</li>\n 	<li>Net quantity (g/ml):1000</li>\n 	<li>Brand:San Pellegrino</li>\n</ul>\n</li>\n</ul>\n<iframe style=""display: none;""></iframe>",,,taxable,,0,,,0,0,,,,,1,,,1.206611570247934,"Water > Natural Mineral Water",,,https://pickaqua.com/wp-content/uploads/2023/10/12.png,,,,,,,,,536,,,,,,,,,,,,,,,,,,,,,,,,,,,,
8444,simple,,"BIRUTE carbonated 1,5L",1,0,visible,,"Carbonated natural mineral water\n<ul>\n 	<li>Ingredients\n<ul>\n 	<li>Natural mineral water</li>\n</ul>\n</li>\n 	<li>Instructions for use\n<ul>\n 	<li>Store in a cool place and protect from direct sunlight.</li>\n</ul>\n</li>\n 	<li>Storage conditions\n<ul>\n 	<li>Storage temperature range: from 5°C to 25°C.</li>\n</ul>\n</li>\n 	<li>Package\n<ul>\n 	<li>Plastic</li>\n</ul>\n</li>\n 	<li>Other information\n<ul>\n 	<li>Country of origin:Lithuania</li>\n 	<li>Net quantity (g/ml):1500</li>\n 	<li>Brand:Birute</li>\n</ul>\n</li>\n</ul>\n<iframe style=""display: none;""></iframe>",,,taxable,,0,,,0,0,,,,,1,,,0.578512396694215,"Water > Natural Mineral Water",,,https://pickaqua.com/wp-content/uploads/2023/10/13.png,,,,,,,,,456,,,,,,,,,,,,,,,,,,,,,,,,,,,,
8450,simple,,"AKVILE still 1,5L",1,0,visible,,"Natural mineral water\n<ul>\n 	<li>Manufacturer\n<ul>\n 	<li>UAB Birštono mineraliniai vandenys ir Ko Kariu kapu gatve 15 +370 52786318</li>\n</ul>\n</li>\n 	<li>Other information\n<ul>\n 	<li>Country of origin:Lithuania</li>\n 	<li>Net quantity (g/ml):1500</li>\n 	<li>Brand:Akvile</li>\n</ul>\n</li>\n</ul>\n<iframe style=""display: none;""></iframe>",,,taxable,,0,,,0,0,,,,,1,,,0.520661157024793,"Water > Natural Mineral Water",,,https://pickaqua.com/wp-content/uploads/2023/10/14.png,,,,,,,,,427,,,,,,,,,,,,,,,,,,,,,,,,,,,,
8456,simple,,"AKVILE lightly carbonated 1,5L",1,0,visible,,"Natural mineral water\n<ul>\n 	<li>Manufacturer\n<ul>\n 	<li>UAB Birštono mineraliniai vandenys ir Ko Kariu kapu gatve 15, Vilnus +370 52786118</li>\n</ul>\n</li>\n 	<li>Package\n<ul>\n 	<li>PET</li>\n</ul>\n</li>\n 	<li>Other information\n<ul>\n 	<li>Country of origin:Lithuania</li>\n 	<li>Net quantity (g/ml):1500</li>\n 	<li>Brand:Akvile</li>\n</ul>\n</li>\n</ul>\n<iframe style=""display: none;""></iframe>",,,taxable,,0,,,0,0,,,,,1,,,0.520661157024793,"Water > Natural Mineral Water",,,https://pickaqua.com/wp-content/uploads/2023/10/15.png,,,,,,,,,422,,,,,,,,,,,,,,,,,,,,,,,,,,,,
8463,simple,,"BIRUTE still 1,5L",1,0,visible,,"Natural mineral water still\n<ul>\n 	<li>Instructions for use:\n<ul>\n 	<li>Store in a cool place and protect from direct sunlight.</li>\n</ul>\n</li>\n 	<li>Manufacturer\n<ul>\n 	<li>UAB Birštono mineraliniai vandenys ir Ko, Lietuva</li>\n</ul>\n</li>\n 	<li>Storage conditions\n<ul>\n 	<li>Storage temperature range: from 5°C to 25°C.</li>\n</ul>\n</li>\n 	<li>Package\n<ul>\n 	<li>Plastic</li>\n</ul>\n</li>\n 	<li>Other information\n<ul>\n 	<li>Country of origin:Lithuania</li>\n 	<li>Net quantity (g/ml):1500</li>\n 	<li>Brand:Birute</li>\n</ul>\n</li>\n</ul>\n<iframe style=""display: none;""></iframe>",,,taxable,,0,,,0,0,,,,,1,,,0.578512396694215,"Water > Natural Mineral Water",,,https://pickaqua.com/wp-content/uploads/2023/10/9ff9c66d-a733-4007-9a96-8b77e8d24587_m.png,,,,,,,,,457,,,,,,,,,,,,,,,,,,,,,,,,,,,,
8469,simple,,"885 still 1,5L",1,0,visible,,"Still natural mineral water\n<ul>\n 	<li>Manufacturer:\n<ul>\n 	<li>SIA"", Alojas nov., Alojas pag., ""Ausra"", LV-4064</li>\n</ul>\n</li>\n 	<li>Storage conditions:\n<ul>\n 	<li>Storage temperature range: from 5°C to 25°C.</li>\n</ul>\n</li>\n 	<li>Package:\n<ul>\n 	<li>Plastic</li>\n</ul>\n</li>\n 	<li>Other information:\n<ul>\n 	<li>Country of origin:Latvia</li>\n 	<li>Net quantity (g/ml):1500</li>\n 	<li>Brand:885</li>\n</ul>\n</li>\n</ul>\n<iframe style=""display: none;""></iframe>",,,taxable,,0,,,0,0,,,,,1,,,0.652892561983471,"Water > Natural Mineral Water",,,https://pickaqua.com/wp-content/uploads/2023/10/17.png,,,,,,,,,412,,,,,,,,,,,,,,,,,,,,,,,,,,,,
8475,simple,,"885 carbonated 1,5L",1,0,visible,,"Carbonated natural mineral water\n<ul>\n 	<li>Manufacturer:\n<ul>\n 	<li>SIA"", Alojas nov., Alojas pag., ""Ausra"", LV-4064.</li>\n</ul>\n</li>\n 	<li>Storage conditions:\n<ul>\n 	<li>Storage temperature range: from 4°C to 25°C.</li>\n</ul>\n</li>\n 	<li>Package:\n<ul>\n 	<li>Plastic.</li>\n</ul>\n</li>\n 	<li>Other information:\n<ul>\n 	<li>Country of origin:Latvia</li>\n 	<li>Net quantity (g/ml):1500</li>\n 	<li>Brand:885</li>\n</ul>\n</li>\n</ul>\n<iframe style=""display: none;""></iframe>",,,taxable,,0,,,0,0,,,,,1,,,0.652892561983471,"Water > Natural Mineral Water",,,https://pickaqua.com/wp-content/uploads/2023/10/18.png,,,,,,,,,407,,,,,,,,,,,,,,,,,,,,,,,,,,,,
8481,simple,,"EVIAN still 1,5L",1,0,visible,,"Evian is a natural mineral water from the French Alps. The mineral water is extracted from the Cachat spring and filtered through the natural filtration system of the Alps for more than 15 years. The mineral water has a pure taste and a balanced, constant mineral composition.\n<ul>\n 	<li>Ingredients:\n<ul>\n 	<li>Calcium 8g; Magnesium 2.6g; Potassium 0.1g; Sodium 0.65g; Bicarbonates 36g; Sulphates 1.5g; Silica 1.4g; Chlorides 1g; Nitrates 0.38g. Total mineral salts 180C: 345mg/l, pH: 7.2.</li>\n</ul>\n</li>\n 	<li>Manufacturer\n<ul>\n 	<li>S.A.E.M.E., 74500 Evian, France</li>\n</ul>\n</li>\n 	<li>Storage conditions\n<ul>\n 	<li>Store in a clean, dry, cool place out of direct sunlight. Storage temperature range: from 5°C to 25°C.</li>\n</ul>\n</li>\n 	<li>Package\n<ul>\n 	<li>PET</li>\n</ul>\n</li>\n 	<li>Other information:\n<ul>\n 	<li>Country of origin:France</li>\n 	<li>Net quantity (g/ml):1500</li>\n 	<li>Brand:Evian</li>\n</ul>\n</li>\n</ul>\n<iframe style=""display: none;""></iframe>",,,taxable,,0,,,0,0,,,,,1,,,1.396694214876033,"Water > Natural Mineral Water",,,https://pickaqua.com/wp-content/uploads/2023/10/19.png,,,,,,,,,462,,,,,,,,,,,,,,,,,,,,,,,,,,,,
8487,simple,,"NABEGHLAVI carbonated 1L",1,0,visible,,"Carbonated natural mineral water\n<ul>\n 	<li>Ingredients:\n<ul>\n 	<li>Natural mineral water.</li>\n</ul>\n</li>\n 	<li>Instructions for use:\n<ul>\n 	<li>Store in a cool place and protect from direct sunlight.</li>\n</ul>\n</li>\n 	<li>Manufacturer:\n<ul>\n 	<li>UAB “Healthy Water”.</li>\n</ul>\n</li>\n 	<li>Storage conditions:\n<ul>\n 	<li>Storage temperature range: from 3°C to 24°C.</li>\n</ul>\n</li>\n 	<li>Package:\n<ul>\n 	<li>Plastic.</li>\n</ul>\n</li>\n 	<li>Other information:\n<ul>\n 	<li>Country of origin:Georgia</li>\n 	<li>Net quantity (g/ml):1000</li>\n 	<li>Brand:Nabeghlavi</li>\n</ul>\n</li>\n</ul>",,,taxable,,0,,,0,0,,,,,1,,,1.272727272727273,"Water > Natural Mineral Water",,,https://pickaqua.com/wp-content/uploads/2023/10/20.png,,,,,,,,,497,,,,,,,,,,,,,,,,,,,,,,,,,,,,
8493,simple,,"NEPTUNAS carbonated 1,5L",1,0,visible,,"Carbonated natural mineral water.\n<ul>\n 	<li>Ingredients:\n<ul>\n 	<li>Natural mineral water.</li>\n</ul>\n</li>\n 	<li>Instructions for use:\n<ul>\n 	<li>Store in a cool place and protect from direct sunlight.</li>\n</ul>\n</li>\n 	<li>Manufacturer:\n<ul>\n 	<li>Coca Cola HBC Lietuva UAB.</li>\n</ul>\n</li>\n 	<li>Storage conditions:\n<ul>\n 	<li>Storage temperature range: from 3°C to 24°C.</li>\n</ul>\n</li>\n 	<li>Package:\n<ul>\n 	<li>Plastic.</li>\n</ul>\n</li>\n 	<li>Other information:\n<ul>\n 	<li>Country of origin:Lithuania</li>\n 	<li>Net quantity (g/ml):1500</li>\n 	<li>Brand:Neptunas</li>\n</ul>\n</li>\n</ul>\n&nbsp;\n\n<iframe style=""display: none;""></iframe>",,,taxable,,0,,,0,0,,,,,1,,,0.68595041322314,"Water > Natural Mineral Water",,,https://pickaqua.com/wp-content/uploads/2023/10/21.png,,,,,,,,,502,,,,,,,,,,,,,,,,,,,,,,,,,,,,
8499,simple,,"NEPTUNAS still 1,5L",1,0,visible,,"Drinking water still\n<ul>\n 	<li>Ingredients:\n<ul>\n 	<li>Still natural mineral water.</li>\n</ul>\n</li>\n 	<li>Manufacturer:\n<ul>\n 	<li>Sia Coca Cola HBC Lietuva.</li>\n</ul>\n</li>\n 	<li>Package:\n<ul>\n 	<li>Plastic.</li>\n</ul>\n</li>\n 	<li>Other information:\n<ul>\n 	<li>Country of origin:Lithuania</li>\n 	<li>Net quantity (g/ml):1500</li>\n 	<li>Brand:Neptunas</li>\n</ul>\n</li>\n</ul>\n<iframe style=""display: none;""></iframe>",,,taxable,,0,,,0,0,,,,,1,,,0.68595041322314,"Water > Natural Mineral Water",,,https://pickaqua.com/wp-content/uploads/2023/10/22.png,,,,,,,,,507,,,,,,,,,,,,,,,,,,,,,,,,,,,,
8505,simple,,"NORVIL carbonated 1,5L",1,0,visible,,"Carbonated natural mineral water\n<ul>\n 	<li>Ingredients:\n<ul>\n 	<li>Natural mineral water ""D1"" from the spring ""D1"" in Druskininkai; carbon dioxide. Partly iron purified.</li>\n</ul>\n</li>\n 	<li>Storage conditions:\n<ul>\n 	<li>Keep out of direct sunlight. Storage temperature range: from 0°C to 25°C.</li>\n</ul>\n</li>\n 	<li>Package:\n<ul>\n 	<li>Plastic.</li>\n</ul>\n</li>\n 	<li>Other information:\n<ul>\n 	<li>Country of origin:Lithuania</li>\n 	<li>Net quantity (g/ml):1500</li>\n 	<li>Brand:Norvil</li>\n</ul>\n</li>\n</ul>\n<iframe style=""display: none;""></iframe>",,,taxable,,0,,,0,0,,,,,1,,,0.454545454545455,"Water > Natural Mineral Water",,,https://pickaqua.com/wp-content/uploads/2023/10/23.png,,,,,,,,,512,,,,,,,,,,,,,,,,,,,,,,,,,,,,
8511,simple,,"JERMUK carbonated 500ml glass",1,0,visible,,"Naturally carbonated mineral water. Enriched with CO2 from a natural spring in the Djermuk region of Armenia. Contains valuable minerals and salts necessary for the normal functioning of the human body. Suitable for daily use.\n<ul>\n 	<li>Ingredients:\n<ul>\n 	<li>Enriched with C02 from natural spring water.Ingredients: anions HCO3 - 1710, SO4 - 520, CI - 210, F -1.12 Cations Na+ - 690, K+ - 77, Mg++ - 58, Ca++ - 160, CO2 - 7000 mg/l. Total mineralisation: 3620 mg.</li>\n</ul>\n</li>\n 	<li>Manufacturer:\n<ul>\n 	<li>JERMUK GROUP CJSC, Armenia, Yerevan, 0007, Arshakunyats Ave., 77/3 Building.</li>\n</ul>\n</li>\n 	<li>Storage conditions:\n<ul>\n 	<li>Storage temperature range: from 5°C to 25°C.</li>\n</ul>\n</li>\n 	<li>Package:\n<ul>\n 	<li>Glass.</li>\n</ul>\n</li>\n 	<li>Other information:\n<ul>\n 	<li>Country of origin:Armenia</li>\n 	<li>Net quantity (g/ml):500</li>\n 	<li>Brand:JERMUK</li>\n</ul>\n</li>\n</ul>\n&nbsp;\n\n<iframe style=""display: none;""></iframe>",,,taxable,,0,,,0,0,,,,,1,,,1.066115702479339,"Water > Natural Mineral Water",,,https://pickaqua.com/wp-content/uploads/2023/10/24.png,,,,,,,,,467,,,,,,,,,,,,,,,,,,,,,,,,,,,,
8517,simple,,"JERMUK MOUNTAIN still 1L",1,0,visible,,"Spring water.\n<ul>\n 	<li>Package:\n<ul>\n 	<li>Plastic.</li>\n</ul>\n</li>\n 	<li>Other information:\n<ul>\n 	<li>Country of origin:Armenia</li>\n 	<li>Net quantity (g/ml):1000</li>\n 	<li>Brand:JERMUK</li>\n</ul>\n</li>\n</ul>\n<iframe style=""display: none;""></iframe>",,,taxable,,0,,,0,0,,,,,1,,,1.148760330578512,"Water > Natural Spring Water",,,https://pickaqua.com/wp-content/uploads/2023/10/25.png,,,,,,,,,472,,,,,,,,,,,,,,,,,,,,,,,,,,,,
8523,simple,,"Vytautas carbonated 1,25L",1,0,visible,,"Carbonated natural mineral water. Vytautas is the most mineral-rich natural mineral water in the Baltics, 7309 mg/l. Recover calcium, magnesium, potassium and other minerals - whatever you're sweating from, Vytautas will help you recover. Vytautas is a medically researched mineral water with a constant chemical composition, recognised for everyday use and health care. We say. Vytautas - undiluted, unfiltered, without additives - its composition is balanced by nature itself. Regain energy and minerals!\n<ul>\n 	<li>Ingredients:\n<ul>\n 	<li>Natural mineral water.</li>\n</ul>\n</li>\n 	<li>Manufacturer:\n<ul>\n 	<li>UAB ""Birštono mineraliniai vandenys"" ir Ko B. Sruogos g. 7, LT - 59209, Birštonas, Lithuania.</li>\n</ul>\n</li>\n 	<li>Storage conditions:\n<ul>\n 	<li>Store in a cool place and protect from direct sunlight. Storage temperature range: from 3°C to 24°C.</li>\n</ul>\n</li>\n 	<li>Package:\n<ul>\n 	<li>Plastic.</li>\n</ul>\n</li>\n 	<li>Other information:\n<ul>\n 	<li>Country of origin:Lithuania</li>\n 	<li>Net quantity (g/ml):1250</li>\n 	<li>Brand:Vytautas</li>\n</ul>\n</li>\n</ul>\n<iframe style=""display: none;""></iframe>",,,taxable,,0,,,0,0,,,,,1,,,0.628099173553719,"Water > Natural Mineral Water",,,https://pickaqua.com/wp-content/uploads/2023/10/26.png,,,,,,,,,382,,,,,,,,,,,,,,,,,,,,,,,,,,,,
8645,simple,,"Ķekavas still 2l",1,0,visible,,"<ul>\n 	<li>Brand\n<ul>\n 	<li>Ķekavas Avots</li>\n</ul>\n</li>\n 	<li>Producer\n<ul>\n 	<li class=""item"">Simeks SIA</li>\n</ul>\n</li>\n 	<li>Amount\n<ul>\n 	<li>2 l</li>\n</ul>\n</li>\n</ul>\n<iframe style=""display: none;""></iframe>",,,taxable,,0,,,0,0,,,,,1,,,0.785123966942149,"Water > Drinking Water",,,https://pickaqua.com/wp-content/uploads/2023/10/27.webp,,,,,,,,,483,,,,,,,,,,,,,,,,,,,,,,,,,,,,
8651,simple,,"Ķekavas carbonated 2l",1,0,visible,,"<ul>\n 	<li>Brand\n<ul>\n 	<li>Ķekavas Avots</li>\n</ul>\n</li>\n 	<li>Producer\n<ul>\n 	<li class=""item"">Simeks SIA</li>\n</ul>\n</li>\n 	<li>Amount\n<ul>\n 	<li>2 l</li>\n</ul>\n</li>\n</ul>\n<iframe style=""display: none;""></iframe>",,,taxable,,0,,,0,0,,,,,1,,,0.785123966942149,"Water > Drinking Water",,,https://pickaqua.com/wp-content/uploads/2023/10/28.webp,,,,,,,,,481,,,,,,,,,,,,,,,,,,,,,,,,,,,,
8657,simple,,"Sant'Anna still 1,5l",1,0,visible,,"<ul>\n 	<li>Country of origin\n<ul>\n 	<li>Italy</li>\n</ul>\n</li>\n</ul>\n<ul class=""list"">\n 	<li class=""item"">Brand\n<ul class=""list"">\n 	<li class=""item"">Sant Anna</li>\n</ul>\n</li>\n 	<li class=""item"">Manufacturer\n<ul class=""list"">\n 	<li class=""item"">Fonti Di Vinadio SPA</li>\n</ul>\n</li>\n 	<li class=""item"">Amount\n<ul class=""list"">\n 	<li class=""item"">1.5 l</li>\n</ul>\n</li>\n</ul>\n<iframe style=""display: none;""></iframe>",,,taxable,,0,,,0,0,,,,,1,,,0.867768595041322,"Water > Natural Mineral Water",,,https://pickaqua.com/wp-content/uploads/2023/10/29.webp,,,,,,,,,551,,,,,,,,,,,,,,,,,,,,,,,,,,,,
8663,simple,,"Sant'Anna carbonated 1,5l",1,0,visible,,"<ul class=""list"">\n 	<li class=""item"">Country of origin\n<ul class=""list"">\n 	<li class=""item"">Italy</li>\n</ul>\n</li>\n 	<li class=""item"">Brand\n<ul class=""list"">\n 	<li class=""item"">Sant Anna</li>\n</ul>\n</li>\n 	<li class=""item"">Manufacturer\n<ul class=""list"">\n 	<li class=""item"">Fonti Di Vinadio SPA</li>\n</ul>\n</li>\n 	<li class=""item"">Amount\n<ul class=""list"">\n 	<li class=""item"">1.5 l</li>\n</ul>\n</li>\n</ul>\n<iframe style=""display: none;""></iframe>",,,taxable,,0,,,0,0,,,,,1,,,0.867768595041322,"Water > Natural Mineral Water",,,https://pickaqua.com/wp-content/uploads/2023/10/30.webp,,,,,,,,,541,,,,,,,,,,,,,,,,,,,,,,,,,,,,
8669,simple,,"Peter Mikheim carbonated 1l",1,0,visible,,"<ul>\n 	<li>Country of origin\n<ul>\n 	<li>Estonia</li>\n</ul>\n</li>\n</ul>\n<ul class=""list"">\n 	<li class=""item"">Brand\n<ul class=""list"">\n 	<li class=""item"">Peter Mikheim</li>\n</ul>\n</li>\n 	<li class=""item"">Manufacturer\n<ul class=""list"">\n 	<li class=""item"">Värska Originaal AS</li>\n</ul>\n</li>\n 	<li class=""item"">Amount\n<ul class=""list"">\n 	<li class=""item"">1l</li>\n</ul>\n</li>\n</ul>\n<iframe style=""display: none;""></iframe>",,,taxable,,0,,,0,0,,,,,1,,,1.31404958677686,"Water > Natural Mineral Water",,,https://pickaqua.com/wp-content/uploads/2023/10/31.webp,,,,,,,,,531,,,,,,,,,,,,,,,,,,,,,,,,,,,,
8675,simple,,"Stelpes still 1l",1,0,visible,,"<div class=""product__list-wrapper"">\n<ul class=""list"">\n 	<li class=""item"">Country of origin\n<ul class=""list"">\n 	<li class=""item"">Latvia</li>\n</ul>\n</li>\n 	<li class=""item"">Brand\n<ul class=""list"">\n 	<li class=""item"">Stelpes</li>\n</ul>\n</li>\n 	<li class=""item"">Manufacturer\n<ul class=""list"">\n 	<li class=""item"">Stelpes MW SIA</li>\n</ul>\n</li>\n 	<li class=""item"">Amount\n<ul class=""list"">\n 	<li class=""item"">1l</li>\n</ul>\n</li>\n 	<li class=""item"">Information for storage and use</li>\n</ul>\n</div>\n<div class=""product__list-wrapper"">\n<ul>\n 	<li style=""list-style-type: none;"">\n<ul class=""list"">\n 	<li class=""item"">Recommended storage temperature +2 C to + 25 C. Use within 3 days after opening</li>\n</ul>\n</li>\n</ul>\n</div>\n<iframe style=""display: none;""></iframe>",,,taxable,,0,,,0,0,,,,,1,,,1.231404958677686,"Water > Natural Mineral Water",,,https://pickaqua.com/wp-content/uploads/2023/10/32.webp,,,,,,,,,546,,,,,,,,,,,,,,,,,,,,,,,,,,,,
8681,simple,,"Stelpes lightly carbonated 1l",1,0,visible,,"<ul>\n 	<li>Country of origin\n<ul>\n 	<li>Latvia</li>\n</ul>\n</li>\n</ul>\n<div class=""product__list-wrapper"">\n<ul class=""list"">\n 	<li class=""item"">Brand\n<ul class=""list"">\n 	<li class=""item"">Stelpes</li>\n</ul>\n</li>\n 	<li class=""item"">Manufacturer\n<ul class=""list"">\n 	<li class=""item"">Stelpes MW SIA</li>\n</ul>\n</li>\n 	<li class=""item"">Amount\n<ul class=""list"">\n 	<li class=""item"">1l</li>\n</ul>\n</li>\n 	<li class=""item"">Storage and use information\n<ul class=""list"">\n 	<li class=""item"">Recommended storage temperature +2 C to + 25 C. After opening the package, use within 3 days</li>\n</ul>\n</li>\n</ul>\n</div>\n<div class=""product__list-wrapper""></div>\n<iframe style=""display: none;""></iframe>",,,taxable,,0,,,0,0,,,,,1,,,0.983471074380165,"Water > Natural Mineral Water",,,https://pickaqua.com/wp-content/uploads/2023/10/33.webp,,,,,,,,,406,,,,,,,,,,,,,,,,,,,,,,,,,,,,
8688,simple,,"Amrita carbonated 1l",1,0,visible,,"<div class=""product__list-wrapper"">\n<ul class=""list"">\n 	<li class=""item"">Country of origin\n<ul class=""list"">\n 	<li class=""item"">Latvia</li>\n</ul>\n</li>\n 	<li class=""item"">Brand\n<ul class=""list"">\n 	<li class=""item"">Amrita</li>\n</ul>\n</li>\n 	<li class=""item"">Producer\n<ul class=""list"">\n 	<li class=""item"">Simeks SIA</li>\n</ul>\n</li>\n 	<li class=""item"">Amount\n<ul class=""list"">\n 	<li class=""item"">1l</li>\n</ul>\n</li>\n 	<li class=""item"">Ingredients\n<ul class=""list"">\n 	<li class=""item"">drinking water, minerals</li>\n</ul>\n</li>\n 	<li>\n<div class=""product__list-wrapper -simple"">\n<p class=""heading"">Additional information</p>\n\n<ul class=""list"">\n 	<li class=""item"">ph ~9,6</li>\n</ul>\n</div></li>\n</ul>\n</div>\n<div class=""product__list-wrapper""></div>\n<iframe style=""display: none;""></iframe>",,,taxable,,0,,,0,0,,,,,1,,,1.231404958677686,"Water > Drinking Water",,,https://pickaqua.com/wp-content/uploads/2023/10/34.webp,,,,,,,,,436,,,,,,,,,,,,,,,,,,,,,,,,,,,,
8694,simple,,"Amrita still 1l",1,0,visible,,"<div class=""product__list-wrapper"">\n<ul class=""list"">\n 	<li class=""item"">Country of origin\n<ul class=""list"">\n 	<li class=""item"">Latvia</li>\n</ul>\n</li>\n 	<li class=""item"">Brand\n<ul class=""list"">\n 	<li class=""item"">Amrita</li>\n</ul>\n</li>\n 	<li class=""item"">Producer\n<ul class=""list"">\n 	<li class=""item"">Amrita Water Europe SIA</li>\n</ul>\n</li>\n 	<li class=""item"">Amount\n<ul class=""list"">\n 	<li class=""item"">1l</li>\n</ul>\n</li>\n 	<li class=""item"">Ingredients\n<ul class=""list"">\n 	<li class=""item"">natural drinking water, still\n<div class=""product__list-wrapper -simple""></div></li>\n</ul>\n</li>\n</ul>\n</div>",,,taxable,,0,,,0,0,,,,,1,,,1.231404958677686,"Water > Drinking Water, Water > Natural Mineral Water",,,https://pickaqua.com/wp-content/uploads/2023/10/35.webp,,,,,,,,,441,,,,,,,,,,,,,,,,,,,,,,,,,,,,
8906,simple,,"Drinking bottle ViA | INSPIRATION",1,0,visible,,"<h5><strong>Lapis lazuli - rutile quartz</strong></h5>\nLOVE WHAT YOU DRINK. Our bestseller with interchangeable gemstone module has already made history as the original gemstone water bottle. The temperature-resistant and robust glass makes the ViA drinking bottle your perfect companion. Whether in the city or in nature: ViA is indispensable for anyone who wants to enjoy their heavenly gemstone water on the go.\n\nINSPIRATION. Awaken the feeling of space and freedom and be inspired by the colour intensity of deep blue lapis lazuli and the unique luminosity of rutile quartz. Both the sight of the hand-picked gemstones and the enjoyment of the gemstone water will inspire you to dissolve inner barriers and discover new horizons with new hopes and visions.\n\n<iframe style=""display: none;""></iframe>\n\n<iframe style=""display: none;""></iframe>",,,taxable,,1,,,0,0,,,,,1,,,110.743801652892562,"Gadgets > Via bottles",,,"https://pickaqua.com/wp-content/uploads/2024/01/via_inspiration_1000px_1.jpg, https://pickaqua.com/wp-content/uploads/2024/01/via_bestandteile_inspiration_1000px_1.jpg, https://pickaqua.com/wp-content/uploads/2024/01/macro_inspiration_1000px.jpg",,,,,,,,,9,,,,,,,,,,,,,,,,,,,,,,,,,,,,
8912,simple,,"Drinking bottle ViA | DIAMONDS",1,0,visible,,"<h5>Diamond chips (4 ct.) - rock crystal</h5>\nLOVE WHAT YOU DRINK. Our bestseller with interchangeable gemstone module has already made history as the original gemstone water bottle. The temperature-resistant and robust glass makes the ViA drinking bottle your perfect companion. Whether in the city or in nature: ViA is indispensable for anyone who wants to enjoy their heavenly gemstone water on the go.\n\nDIAMONDS. Even in ancient times, diamonds were revered as the king of all gemstones. It was said to give its wearer ""divine splendour, supreme purity and enlightenment"". With the incomparable combination of diamond and rock crystal, you create a source of power that eclipses everything you have ever associated with water. The clarity and purity of both gemstones potentiate an indomitable quest for spiritual freedom.\n\n<iframe style=""display: none;""></iframe>\n\n<iframe style=""display: none;""></iframe>",,,taxable,,1,,,0,0,,,,,1,,,205.785123966942149,"Gadgets > Via bottles",,,"https://pickaqua.com/wp-content/uploads/2024/01/via_diamonds_1000px_1.jpg, https://pickaqua.com/wp-content/uploads/2024/01/via_bestandteile_diamonds_1000px_2.jpg, https://pickaqua.com/wp-content/uploads/2024/01/macro_diamond_1000px.jpg",,,,,,,,,3,,,,,,,,,,,,,,,,,,,,,,,,,,,,
8918,simple,,"Drinking bottle ViA | GUARDIAN",1,0,visible,,"<h4>Tourmaline (black) - Amethyst - Rock crystal</h4>\nLOVE WHAT YOU DRINK. Our bestseller with interchangeable gemstone module has already made history as the original gemstone water bottle. The temperature-resistant and robust glass makes the ViA drinking bottle your perfect companion. Whether in the city or in nature: ViA is indispensable for anyone who wants to enjoy their heavenly gemstone water on the go.\n\nGUARDIAN. The unique combination of amethyst, tourmaline and rock crystal promotes awareness and helps to ward off or better process negative influences of all kinds. It ensures a clear mind and can encourage us to release attachments and neutralise disturbances. The calming quartz-silicate mixture is therefore also considered a ""protective mixture"", through which we can experience a feeling of security and freedom.\n\n<iframe style=""display: none;""></iframe>",,,taxable,,1,,,0,0,,,,,1,,,73.553719008264463,"Gadgets > Via bottles",,,"https://pickaqua.com/wp-content/uploads/2024/01/via_guardian_1000px_1.jpg, https://pickaqua.com/wp-content/uploads/2024/01/via_bestandteile_guardian_1000px_1.jpg, https://pickaqua.com/wp-content/uploads/2024/01/macro_guardian_1000px.jpg",,,,,,,,,7,,,,,,,,,,,,,,,,,,,,,,,,,,,,
8925,simple,,"Drinking bottle ViA | HAPPINESS",1,0,visible,,"<h5>Jade (nephrite) - carnelian - orange calcite - rock crystal</h5>\nLOVE WHAT YOU DRINK. Our bestseller with interchangeable gemstone module has already made history as the original gemstone water bottle. The temperature-resistant and robust glass makes the ViA drinking bottle your perfect companion. Whether in the city or in nature: ViA is indispensable for anyone who wants to enjoy their heavenly gemstone water on the go.\n\nHAPPINESS. Happiness is largely not a circumstance, but a mental attitude. Give your day a positive direction with this revitalising gemstone blend. Carnelian stimulates sociability as well as positive and emotional bonding. Orange calcite acts like a ray of sunshine on your soul and, according to Far Eastern mythology, jade always gives you that little bit of luck you need.\n\n<iframe style=""display: none;""></iframe>\n\n<iframe style=""display: none;""></iframe>",,,taxable,,1,,,0,0,,,,,1,,,73.553719008264463,"Gadgets > Via bottles",,,"https://pickaqua.com/wp-content/uploads/2024/01/via_happiness_1000px_1.jpg, https://pickaqua.com/wp-content/uploads/2024/01/via_bestandteile_happiness_1000px_1.jpg, https://pickaqua.com/wp-content/uploads/2024/01/macro_happiness_1000px.jpg",,,,,,,,,8,,,,,,,,,,,,,,,,,,,,,,,,,,,,
8931,simple,,"Drinking bottle ViA | FOREVER YOUNG",1,0,visible,,"<h4>Aquamarine - Aventurine - Smoky quartz - Rock crystal</h4>\nLOVE WHAT YOU DRINK. Our bestseller with interchangeable gemstone module has already made history as the original gemstone water bottle. The temperature-resistant and robust glass makes the ViA drinking bottle your perfect companion. Whether in the city or in nature: ViA is indispensable for anyone who wants to enjoy their heavenly gemstone water on the go.\n\nFOREVER YOUNG. Water is the elixir of life. A sufficient amount of fresh, living water helps you to reduce stress, eliminate waste products and cleanse your body. Aventurine for relaxation and invigoration, aquamarine for the necessary serenity and smoky quartz for active stress management have a supporting effect.\n\n<iframe style=""display: none;""></iframe>",,,taxable,,1,,,0,0,,,,,1,,,73.553719008264463,"Gadgets > Via bottles",,,"https://pickaqua.com/wp-content/uploads/2024/01/via_forever-young_1000px_1.jpg, https://pickaqua.com/wp-content/uploads/2024/01/via_bestandteile_forever-young_1000px_1.jpg, https://pickaqua.com/wp-content/uploads/2024/01/macro_forever-young_1000px.jpg",,,,,,,,,6,,,,,,,,,,,,,,,,,,,,,,,,,,,,
8938,simple,,"Drinking bottle ViA | LUNA",1,0,visible,,"<h4>Moonstone (labradorite) - rock crystal</h4>\nLOVE WHAT YOU DRINK. Our bestseller with interchangeable gemstone module has already made history as the original gemstone water bottle. The temperature-resistant and robust glass makes the ViA drinking bottle your perfect companion. Whether in the city or in nature: ViA is indispensable for anyone who wants to enjoy their heavenly gemstone water on the go.\n\nLUNA. The moonstone is closely linked to the cyclical energies of the moon, its colourful iridescence promises transformation and abundance. Women in particular are aware of the effect of the moon on the environment and their bodies. Moonstone therefore stands for femininity, intuition and creativity and can have a supportive and balancing effect on the natural cycles of life.\n\n<iframe style=""display: none;""></iframe>\n\n<iframe style=""display: none;""></iframe>",,,taxable,,1,,,0,0,,,,,1,,,73.553719008264463,"Gadgets > Via bottles",,,"https://pickaqua.com/wp-content/uploads/2024/01/via_luna_1000px_1.jpg, https://pickaqua.com/wp-content/uploads/2024/01/via_bestandteile_luna_1000px_1.jpg, https://pickaqua.com/wp-content/uploads/2024/01/macro_luna_1000px.jpg",,,,,,,,,11,,,,,,,,,,,,,,,,,,,,,,,,,,,,
8944,simple,,"Drinking bottle ViA | VITALITY",1,0,visible,,"<h5>Emerald - rock crystal</h5>\nLOVE WHAT YOU DRINK. Our bestseller with interchangeable gemstone module has already made history as the original gemstone water bottle. The temperature-resistant and robust glass makes the ViA drinking bottle your perfect companion. Whether in the city or in nature: ViA is indispensable for anyone who wants to enjoy their heavenly gemstone water on the go.\n\nVITALITY. The human body consists largely of water. So what could be more important than providing it with enough fresh water every day? Support your body in developing its very own self-healing powers with naturally revitalised emerald water.\n\n<iframe style=""display: none;""></iframe>\n\n<iframe style=""display: none;""></iframe>",,,taxable,,1,,,0,0,,,,,1,,,73.553719008264463,"Gadgets > Via bottles",,,"https://pickaqua.com/wp-content/uploads/2024/01/via_vitality_1000px_1.jpg, https://pickaqua.com/wp-content/uploads/2024/01/macro_vitality_1000px.jpg, https://pickaqua.com/wp-content/uploads/2024/01/via_bestandteile_vitalilty_1000px_1.jpg",,,,,,,,,12,,,,,,,,,,,,,,,,,,,,,,,,,,,,
8951,simple,,"Drinking bottle ViA | LOVE",1,0,visible,,"<h5>Rose quartz - garnet - rock crystal</h5>\nLOVE WHAT YOU DRINK. Our bestseller with interchangeable gemstone module has already made history as the original gemstone water bottle. The temperature-resistant and robust glass makes the ViA drinking bottle your perfect companion. Whether in the city or in nature: ViA is indispensable for anyone who wants to enjoy their heavenly gemstone water on the go.\n\nLOVE. Love is the highest energy in the universe and the most beautiful feeling that can permeate us. We experience it with every sip of this precious water. The delicate rose quartz symbolises sensitivity and romance like no other stone. The fiery garnet symbolises sensuality and confidence. The two combined create a unique emotional dynamic: love. The perfect gift for special occasions in love and partnership!\n\n<iframe style=""display: none;""></iframe>\n\n<iframe style=""display: none;""></iframe>",,,taxable,,1,,,0,0,,,,,1,,,61.15702479338843,"Gadgets > Via bottles",,,"https://pickaqua.com/wp-content/uploads/2024/01/via_love_1000px_1.jpg, https://pickaqua.com/wp-content/uploads/2024/01/via_bestandteile_love_1000px_1.jpg, https://pickaqua.com/wp-content/uploads/2024/01/macro_love_1000px.jpg",,,,,,,,,10,,,,,,,,,,,,,,,,,,,,,,,,,,,,
8957,simple,,"Drinking bottle ViA | FIVE ELEMENTS",1,0,visible,,"<h5>Amethyst - chalcedony - petrified wood - rose quartz - ocean jasper</h5>\nLOVE WHAT YOU DRINK. Our bestseller with interchangeable gemstone module has already made history as the original gemstone water bottle. The temperature-resistant and robust glass makes the ViA drinking bottle your perfect companion. Whether in the city or in nature: ViA is indispensable for anyone who wants to enjoy their heavenly gemstone water on the go.\n\nFIVE ELEMENTS. Traditional Chinese medicine (TCM) sees life as an eternal transformation. Every transformation goes through five phases, which are characterised by the elements wood, fire, earth, metal and water. Our mixture contains a representative gemstone for each of these elements, which can have a harmonising effect on the course of change.\n\n<iframe style=""display: none;""></iframe>\n\n<iframe style=""display: none;""></iframe>",,,taxable,,1,,,0,0,,,,,1,,,61.15702479338843,"Gadgets > Via bottles",,,"https://pickaqua.com/wp-content/uploads/2024/01/via_five-elements_1000px_1.jpg, https://pickaqua.com/wp-content/uploads/2024/01/via_assembled_five-elements.jpg, https://pickaqua.com/wp-content/uploads/2024/01/macro_five-elements_1000px.jpg",,,,,,,,,5,,,,,,,,,,,,,,,,,,,,,,,,,,,,
8963,simple,,"Drinking bottle ViA | FITNESS",1,0,visible,,"<h5>Red jasper - magnesite - rock crystal</h5>\nLOVE WHAT YOU DRINK. Our bestseller with interchangeable gemstone module has already made history as the original gemstone water bottle. The temperature-resistant and robust glass makes the ViA drinking bottle your perfect companion. Whether in the city or in nature: ViA is indispensable for anyone who wants to enjoy their heavenly gemstone water on the go.\n\nFITNESS. Opposites attract - as do the seemingly polar properties of these gemstones. In modern gemstone therapy, red jasper stands for stability and vigour, magnesite for serenity and relaxation. But it is precisely this combination in combination with the clarity of rock crystal that gives the user vitality and inner peace.\n\n<iframe style=""display: none;""></iframe>\n\n<iframe style=""display: none;""></iframe>",,,taxable,,1,,,0,0,,,,,1,,,61.15702479338843,"Gadgets > Via bottles",,,"https://pickaqua.com/wp-content/uploads/2024/01/via_fitness_1000px_1.jpg, https://pickaqua.com/wp-content/uploads/2024/01/via_assembled_fitness.jpg, https://pickaqua.com/wp-content/uploads/2024/01/macro_fitness_1000px.jpg",,,,,,,,,4,,,,,,,,,,,,,,,,,,,,,,,,,,,,
8971,simple,,"Drinking bottle ViA | BALANCE",1,0,visible,,"<h5>Sodalite - Chalcedony - Rock crystal</h5>\nLOVE WHAT YOU DRINK. Our bestseller with interchangeable gemstone module has already made history as the original gemstone water bottle. The temperature-resistant and robust glass makes the ViA drinking bottle your perfect companion. Whether in the city or in nature: ViA is indispensable for anyone who wants to enjoy their heavenly gemstone water on the go.\n\nBALANCE. In gemstone healing, sodalite has always stood for balance, wisdom and inner peace. Like chalcedony, it is also said to strengthen interpersonal communication and is therefore also known as the poet's stone. What could be more helpful in today's world, which is characterised by constant restlessness, haste and hectic pace?\n\n<iframe style=""display: none;""></iframe>\n\n<iframe style=""display: none;""></iframe>",,,taxable,,1,,,0,0,,,,,1,,,61.15702479338843,"Gadgets > Via bottles",,,"https://pickaqua.com/wp-content/uploads/2024/01/via_balance_1000px_1.jpg, https://pickaqua.com/wp-content/uploads/2024/01/macro_balance_1000px.jpg, https://pickaqua.com/wp-content/uploads/2024/01/via_bestandteile_balance_1000px_1.jpg",,,,,,,,,2,,,,,,,,,,,,,,,,,,,,,,,,,,,,
8977,simple,,"Drinking bottle ViA | WELLNESS",1,0,visible,,"<h5>Amethyst - Rose quartz - Rock crystal</h5>\nLOVE WHAT YOU DRINK. Our bestseller with interchangeable gemstone module has already made history as the original gemstone water bottle. The temperature-resistant and robust glass makes the ViA drinking bottle your perfect companion. Whether in the city or in nature: ViA is indispensable for anyone who wants to enjoy their heavenly gemstone water on the go.\n\nWELLNESS. This revitalising gemstone mixture is traditionally said to help support perception, intuition and empathy. At the same time, it promotes a stable inner centre and creates a sense of well-being.\n\n<iframe style=""display: none;""></iframe>\n\n<iframe style=""display: none;""></iframe>",,,taxable,,1,,,0,0,,,,,1,,,48.760330578512397,"Gadgets > Via bottles",,,"https://pickaqua.com/wp-content/uploads/2024/01/via_wellness.jpg, https://pickaqua.com/wp-content/uploads/2024/01/via_bestandteile_wellness_1000px_1.jpg, https://pickaqua.com/wp-content/uploads/2024/01/macro_wellness_1000px.jpg",,,,,,,,,13,,,,,,,,,,,,,,,,,,,,,,,,,,,,
9700,simple,ice-hat,"ICE HAT",1,1,visible,,"<h2 class=""image-with-text__heading inline-richtext h2"">Game Changer!</h2>\n<div class=""image-with-text__text rte body"">\n\nCooling fresh sensation. Prevents brain overheating. Improves blood circulation. Beneficial for the nervous system. Improves sleep quality.\n<h2 class=""image-with-text__heading inline-richtext h2"">Freshly melted ICE</h2>\n<div class=""image-with-text__text rte body"">\n\n<strong>Promotes Brain Health</strong>\n\nCreates a cooling effect. A feeling of pure refreshment leaving you energized, and ready to fully enjoy the sauna experience on a new level.\n<h2 class=""image-with-text__heading inline-richtext h2"">Prevention of Excessive brain Heat</h2>\n<div class=""image-with-text__text rte body"">\n\nOverheating the head can lead to discomfort, fatigue, and potential heat-related ailments.\n<h2 class=""image-with-text__heading inline-richtext h2"">Mental Clarity</h2>\n<div class=""image-with-text__text rte body"">\n\nKeeping the head cool in the sauna can help enhance mental clarity, focus, and concentration.\n<h2 class=""image-with-text__heading inline-richtext h2"">Prana Flow</h2>\n<div class=""image-with-text__text rte body"">\n\n<strong>According to Ayurveda\n</strong>Cooling the head during a sauna session allows a smooth flow of vital life energy (prana) throughout the body.\n\n</div>\n</div>\n</div>\n</div>\n</div>\n<iframe style=""display: none;""></iframe>\n\n<iframe style=""display: none;""></iframe>\n\n<iframe style=""display: none;""></iframe>\n\n<iframe style=""display: none;""></iframe>\n\n<iframe style=""display: none;""></iframe>\n\n<iframe style=""display: none;""></iframe>",,,taxable,,1,,,0,0,,,,,1,,37.190082644628099,48.760330578512397,"Gadgets > Hats",,,"https://pickaqua.com/wp-content/uploads/2024/06/20240510_2036001-scaled.webp, https://pickaqua.com/wp-content/uploads/2024/06/20240523_194050-scaled.webp, https://pickaqua.com/wp-content/uploads/2024/06/20240523_194231_1.webp, https://pickaqua.com/wp-content/uploads/2024/06/img_4976-scaled.webp, https://pickaqua.com/wp-content/uploads/2024/06/asset_16.webp, https://pickaqua.com/wp-content/uploads/2024/06/20240523_194721-scaled.jpg, https://pickaqua.com/wp-content/uploads/2024/06/20240523_202701-scaled.jpg, https://pickaqua.com/wp-content/uploads/2024/06/20240705_1247560-scaled.jpg, https://pickaqua.com/wp-content/uploads/2024/06/20240705_134506-scaled.jpg, https://pickaqua.com/wp-content/uploads/2024/06/20240705_134557-scaled.jpg, https://pickaqua.com/wp-content/uploads/2024/06/copy-of-20240522_195227-scaled.jpg, https://pickaqua.com/wp-content/uploads/2024/06/copy-of-20240522_200118-scaled.jpg, https://pickaqua.com/wp-content/uploads/2024/06/copy-of-20240523_153056-scaled.jpg, https://pickaqua.com/wp-content/uploads/2024/06/copy-of-20240523_194002-scaled.jpg, https://pickaqua.com/wp-content/uploads/2024/06/copy-of-20240523_194231-scaled.jpg, https://pickaqua.com/wp-content/uploads/2024/06/copy-of-20240523_194300-scaled.jpg, https://pickaqua.com/wp-content/uploads/2024/06/copy-of-20240523_194719-scaled.jpg, https://pickaqua.com/wp-content/uploads/2024/06/inshot_20240711_113442569-scaled.jpg, https://pickaqua.com/wp-content/uploads/2024/06/inshot_20240711_114334624.png, https://pickaqua.com/wp-content/uploads/2024/06/inshot_20240711_114345746-scaled.jpg, https://pickaqua.com/wp-content/uploads/2024/06/inshot_20240711_120222883.png, https://pickaqua.com/wp-content/uploads/2024/06/inshot_20240711_120238215-scaled.jpg, https://pickaqua.com/wp-content/uploads/2024/06/inshot_20240711_120403935.png, https://pickaqua.com/wp-content/uploads/2024/06/inshot_20240711_120420671-scaled.jpg",,,,,,,,,1,,,,,,,,,,,,,,,,,,,,,,,,,,,,
9873,simple,MgM_S_DIO,"Mg Mivela lightly carbonated 1.75l",1,0,visible,,"<ul>\n 	<li>Natural Mineral Water Mg Mivela can be called fuel for the heart; it's a real magnesium booster from Serbia. <strong>One liter contains 91% of your daily magnesium intake, which is 343mg/l</strong>. Lightly carbonated</li>\n 	<li>As you may know, magnesium is one of the best absorbed minerals in the body directly from water.</li>\n 	<li>You will experience magnesium in many ways. First, the comfort of your heart will improve, especially when you exercise or go to the sauna. Just take a good amount of MgMivela a few hours before.</li>\n 	<li>Your sleep quality will improve and stress will decrease, making your life happier. It is the perfect water for active people who want to improve the comfort of their heart. Magnesium is one of the main minerals for good health, it participates in more than 300 processes in the body.</li>\n 	<li>In addition, it is rich in hydrogen carbonate (HCO3), which helps balance the body's pH and neutralize acidity.</li>\n 	<li>The taste is amazing - it's a little sweet because of the magnesium and a little salty. And it is completely free from pollution; it does not contain nitrates. It is a must-have water. Your heart will thank you for taking care of it naturally.</li>\n 	<li>Mg Mivela is a great gift for a friend!</li>\n</ul>\n<strong>Recommendation:</strong> To feel the effect, it is recommended to drink a large amount of MgMivela several hours before exercise. If you want to improve the quality of sleep, then drink MgMivela in the second half of the day.\n\n<iframe style=""display: none;""></iframe>\n\n<iframe style=""display: none;""></iframe>\n\n<iframe style=""display: none;""></iframe>\n\n<iframe style=""display: none;""></iframe>\n\n<iframe style=""display: none;""></iframe>\n\n<iframe style=""display: none;""></iframe>\n\n<iframe style=""display: none;""></iframe>",,,taxable,,1,,,0,0,1.75,,,,1,,,1.98,"Water > Natural Mineral Water","1.75l, lightly carbonated, Mg Mivela, Mg Mivela 1.35l, Mg Mivela lightly carbonated",,https://pickaqua.com/wp-content/uploads/2024/07/28dbc134a202334693f8acbcb1eb06d0.jpg,,,,,,,,,19,,,,,,,,,,,,,,,,,,,,,,,,,,,,
9885,simple,MgM_DIO,"Mg Mivela carbonated 1.75l",1,0,visible,,"<ul>\n 	<li>Natural Mineral Water Mg Mivela can be called fuel for the heart; it's a real magnesium booster from Serbia. <strong>One liter contains 91% of your daily magnesium intake, which is 343mg/l</strong>. Carbonated.</li>\n 	<li>As you may know, magnesium is one of the best absorbed minerals in the body directly from water.</li>\n 	<li>You will experience magnesium in many ways. First, the comfort of your heart will improve, especially when you exercise or go to the sauna. Just take a good amount of MgMivela a few hours before.</li>\n 	<li>Your sleep quality will improve and stress will decrease, making your life happier. It is the perfect water for active people who want to improve the comfort of their heart. Magnesium is one of the main minerals for good health, it participates in more than 300 processes in the body.</li>\n 	<li>In addition, it is rich in hydrogen carbonate (HCO3), which helps balance the body's pH and neutralize acidity.</li>\n 	<li>The taste is amazing - it's a little sweet because of the magnesium and a little salty. And it is completely free from pollution; it does not contain nitrates. It is a must-have water. Your heart will thank you for taking care of it naturally.</li>\n 	<li>Mg Mivela is a great gift for a friend!</li>\n</ul>\n<strong>Recommendation:</strong> To feel the effect, it is recommended to drink a large amount of MgMivela several hours before exercise. If you want to improve the quality of sleep, then drink MgMivela in the second half of the day.\n\n<iframe style=""display: none;""></iframe>\n\n<iframe style=""display: none;""></iframe>\n\n<iframe style=""display: none;""></iframe>\n\n<iframe style=""display: none;""></iframe>",,,taxable,,1,,,0,0,1.75,,,,1,,,1.98,"Water > Natural Mineral Water","1.75l, carbonated, Mg Mivela, Mg Mivela carbonated",,https://pickaqua.com/wp-content/uploads/2024/07/a9b0ae9112171d0c6511cc2def4e930f.jpg,,,,,,,,,17,,,,,,,,,,,,,,,,,,,,,,,,,,,,
10349,simple,MgM_Bl_DIO,"Mg Mivela still 1.75l",1,0,visible,,"<ul>\n 	<li>Natural Mineral Water Mg Mivela can be called fuel for the heart; it's a real magnesium booster from Serbia. <strong>One liter contains 91% of your daily magnesium intake, which is 343mg/l</strong>.</li>\n 	<li>As you may know, magnesium is one of the best absorbed minerals in the body directly from water.</li>\n 	<li>You will experience magnesium in many ways. First, the comfort of your heart will improve, especially when you exercise or go to the sauna. Just take a good amount of MgMivela a few hours before.</li>\n 	<li>Your sleep quality will improve and stress will decrease, making your life happier. It is the perfect water for active people who want to improve the comfort of their heart. Magnesium is one of the main minerals for good health, it participates in more than 300 processes in the body.</li>\n 	<li>In addition, it is rich in hydrogen carbonate (HCO3), which helps balance the body's pH and neutralize acidity.</li>\n 	<li>The taste is amazing - it's a little sweet because of the magnesium and a little salty. And it is completely free from pollution; it does not contain nitrates. It is a must-have water. Your heart will thank you for taking care of it naturally.</li>\n 	<li>Mg Mivela is a great gift for a friend!</li>\n</ul>\n<strong>Recommendation:</strong> To feel the effect, it is recommended to drink a large amount of MgMivela several hours before exercise. If you want to improve the quality of sleep, then drink MgMivela in the second half of the day.",,,taxable,,1,,,0,0,1.75,,,,1,,,1.98,"Water > Natural Mineral Water","1.75, Mg Mivela, Still",,https://pickaqua.com/wp-content/uploads/2025/03/mg_still.png,,,,,,,,,21,,,,,,,,,,,,,,,,,,,,,,,,,,,,
11593,simple,WWS330,"White Water still (0.33L)",1,0,visible,"<span data-sheets-value=""{&quot;1&quot;:2,&quot;2&quot;:&quot; Glass Bottle 750ml STILL&quot;}"" data-sheets-userformat=""{&quot;2&quot;:17153,&quot;3&quot;:{&quot;1&quot;:0},&quot;11&quot;:4,&quot;12&quot;:0,&quot;17&quot;:1}""> Glass Bottle 330ml STILL</span>","<span data-sheets-value=""{&quot;1&quot;:2,&quot;2&quot;:&quot;Discover White Water - the essence of purity and vitality. Alkaline natural mineral water with pH 9.2 and light mineral content (TDS 158 mg/l). Rich in silica, the beauty mineral. White water is perfect for daily hydration.nIdeal for those who appreciate the power of nature.nnWhat makes White Water unique? It contains naturally occurring colloidal silver, a truly rare element, in water. It was not for nothing that our ancestors put silver coins in water.nnTaste: Light, subtly sweet, velvety taste.nnThe perfect water for the HoReCa segment, which will make the organization truly special with the choice of White Water.nnExceptionally clean water from anunpolluted environment. Obtained at a depth of 515 meters with natural deposit pressure in Bulgaria's Rila Mountains National Park.nnElevate your hydration with White Water - where purity and elegance meet the rarity of the mineral composition.&quot;}"" data-sheets-userformat=""{&quot;2&quot;:769,&quot;3&quot;:{&quot;1&quot;:0},&quot;11&quot;:4,&quot;12&quot;:0}"">Discover White Water - the essence of purity and vitality. Alkaline natural mineral water with pH 9.2 and light mineral content (TDS 158 mg/l). Rich in silica, the beauty mineral. White water is perfect for daily hydration.\nIdeal for those who appreciate the power of nature.</span>\n\nWhat makes White Water unique? It contains naturally occurring colloidal silver, a truly rare element, in water. It was not for nothing that our ancestors put silver coins in water.\n\nTaste: Light, subtly sweet, velvety taste.\n\nThe perfect water for the HoReCa segment, which will make the organization truly special with the choice of White Water.\n\nExceptionally clean water from anunpolluted environment. Obtained at a depth of 515 meters with natural deposit pressure in Bulgaria's Rila Mountains National Park.\n\nElevate your hydration with White Water - where purity and elegance meet the rarity of the mineral composition.",,,taxable,,1,,,0,0,0.5,,,,1,,1.3223140496,1.73,"Water > Natural Mineral Water",,,https://pickaqua.com/wp-content/uploads/2023/08/photo_2023-08-31_15-55-35.jpg,,,,,,,,,65,,,,,,,,,,,,,,,,,,,,,,,,,,,,
11598,simple,WWG330,"White Water carbonated (0.33L)",1,0,visible,"<span data-sheets-value=""{&quot;1&quot;:2,&quot;2&quot;:&quot; Glass Bottle 750ml STILL&quot;}"" data-sheets-userformat=""{&quot;2&quot;:17153,&quot;3&quot;:{&quot;1&quot;:0},&quot;11&quot;:4,&quot;12&quot;:0,&quot;17&quot;:1}""> Glass Bottle 330ml CARBONATED</span>","<span data-sheets-value=""{&quot;1&quot;:2,&quot;2&quot;:&quot;Discover White Water - the essence of purity and vitality. Alkaline natural mineral water with pH 9.2 and light mineral content (TDS 158 mg/l). Rich in silica, the beauty mineral. White water is perfect for daily hydration.nIdeal for those who appreciate the power of nature.nnWhat makes White Water unique? It contains naturally occurring colloidal silver, a truly rare element, in water. It was not for nothing that our ancestors put silver coins in water.nnTaste: Light, subtly sweet, velvety taste.nnThe perfect water for the HoReCa segment, which will make the organization truly special with the choice of White Water.nnExceptionally clean water from anunpolluted environment. Obtained at a depth of 515 meters with natural deposit pressure in Bulgaria's Rila Mountains National Park.nnElevate your hydration with White Water - where purity and elegance meet the rarity of the mineral composition.&quot;}"" data-sheets-userformat=""{&quot;2&quot;:769,&quot;3&quot;:{&quot;1&quot;:0},&quot;11&quot;:4,&quot;12&quot;:0}"">Discover White Water - the essence of purity and vitality. Alkaline natural mineral water with pH 9.2 and light mineral content (TDS 158 mg/l). Rich in silica, the beauty mineral. White water is perfect for daily hydration.\nIdeal for those who appreciate the power of nature.</span>\n\nWhat makes White Water unique? It contains naturally occurring colloidal silver, a truly rare element, in water. It was not for nothing that our ancestors put silver coins in water.\n\nTaste: Light, subtly sweet, velvety taste.\n\nThe perfect water for the HoReCa segment, which will make the organization truly special with the choice of White Water.\n\nExceptionally clean water from anunpolluted environment. Obtained at a depth of 515 meters with natural deposit pressure in Bulgaria's Rila Mountains National Park.\n\nElevate your hydration with White Water - where purity and elegance meet the rarity of the mineral composition.",,,taxable,,1,,,0,0,0.5,,,,1,,1.3223140496,1.73,"Water > Natural Mineral Water",,,https://pickaqua.com/wp-content/uploads/2023/08/photo_2023-08-31_16-05-05.jpg,,,,,,,,,65,,,,,,,,,,,,,,,,,,,,,,,,,,,,
